04-01-2022 ,12:24:52 ,       11524.109, 250  ,           10  , 32  , 111  , 35.2208 ,- 47.0893 ,- 104.5907 ,- 79.3842 ,- 114.9009 ,- 100.3464 ,- 120.3518 ,- 123.9617 ,- 123.8203 ,- 122.5809 ,- 119.8784 ,- 111.6066 ,- 98.7683 ,- 83.2965 ,- 69.5639 ,- 83.4083 ,- 154.6554 ,- 151.6406 ,- 143.2373 ,- 140.0253 ,- 141.8203 ,- 144.4110 ,- 141.9025 ,- 137.4116 ,- 133.6801 ,- 124.7179 ,- 105.1825 ,- 88.8263 ,- 73.2987 ,- 97.9299 , 28.7375 ,- 66.1841 ,
04-01-2022 ,12:24:52 ,       11524.575, 250  ,           10  , 32  , 111  , 33.2449 ,- 44.8110 ,- 101.6680 ,- 77.8422 ,- 114.4044 ,- 99.4587 ,- 119.6581 ,- 123.3634 ,- 123.9190 ,- 122.6795 ,- 120.1809 ,- 112.0998 ,- 98.5710 ,- 84.1874 ,- 70.8954 ,- 88.1951 ,- 159.0708 ,- 154.7771 ,- 145.4795 ,- 141.6034 ,- 142.6719 ,- 145.5880 ,- 142.1984 ,- 138.5754 ,- 133.6801 ,- 125.0006 ,- 104.4296 ,- 88.6291 ,- 73.0258 ,- 96.6379 , 29.1354 ,- 66.1841 ,
04-01-2022 ,12:24:53 ,       11525.09, 250  ,            10  , 32  , 111  , 36.5063 ,- 49.4663 ,- 107.7239 ,- 81.1168 ,- 115.7918 ,- 101.6285 ,- 121.0423 ,- 124.3595 ,- 124.2083 ,- 122.7814 ,- 119.9803 ,- 111.7053 ,- 97.4762 ,- 83.6943 ,- 69.8466 ,- 82.7244 ,- 155.9310 ,- 153.0675 ,- 144.6017 ,- 141.0773 ,- 142.4845 ,- 144.8023 ,- 142.3990 ,- 137.7995 ,- 133.8740 ,- 125.0960 ,- 104.6170 ,- 88.9217 ,- 73.4795 ,- 99.8138 , 30.3255 ,- 66.4702 ,
04-01-2022 ,12:24:53 ,       11525.604, 250  ,           10  , 32  , 111  , 35.9145 ,- 45.5704 ,- 101.9803 ,- 77.4576 ,- 113.6154 ,- 98.5710 ,- 118.9677 ,- 122.9655 ,- 123.4324 ,- 122.2817 ,- 119.6779 ,- 111.6066 ,- 99.2647 ,- 84.3847 ,- 70.6094 ,- 85.5584 ,- 157.9924 ,- 154.0176 ,- 145.1869 ,- 141.1628 ,- 142.1031 ,- 145.0982 ,- 141.4028 ,- 137.7042 ,- 132.9042 ,- 124.4318 ,- 103.1146 ,- 87.5540 ,- 72.2072 ,- 96.2401 , 30.6214 ,- 66.2795 ,
04-01-2022 ,12:24:54 ,       11526.071, 250  ,           10  , 32  , 111  , 34.5304 ,- 42.3419 ,- 100.3102 ,- 77.5529 ,- 114.8023 ,- 99.7546 ,- 120.4505 ,- 124.2609 ,- 124.4976 ,- 123.0806 ,- 120.5820 ,- 112.0012 ,- 98.5710 ,- 84.1874 ,- 70.4187 ,- 89.7600 ,- 159.4653 ,- 154.1130 ,- 144.4077 ,- 140.1108 ,- 140.6861 ,- 142.9382 ,- 140.5086 ,- 136.0603 ,- 132.1283 ,- 123.7677 ,- 103.4894 ,- 87.6526 ,- 72.2072 ,- 96.4406 , 29.6318 ,- 66.4702 ,
04-01-2022 ,12:24:54 ,       11526.586, 250  ,           10  , 32  , 111  , 36.6049 ,- 40.2510 ,- 98.0121 ,- 76.5929 ,- 114.2072 ,- 98.9655 ,- 119.9540 ,- 124.1590 ,- 124.5962 ,- 123.4784 ,- 121.1836 ,- 112.7902 ,- 99.5639 ,- 85.4729 ,- 72.1315 ,- 94.2543 ,- 165.4521 ,- 158.4856 ,- 147.4291 ,- 142.3036 ,- 142.1984 ,- 144.5064 ,- 141.3042 ,- 137.3162 ,- 132.6149 ,- 123.1003 ,- 102.0822 ,- 86.5776 ,- 70.5699 ,- 95.2505 , 30.1249 ,- 66.6609 ,
04-01-2022 ,12:24:55 ,       11527.101, 250  ,           10  , 32  , 111  , 36.9995 ,- 45.3797 ,- 104.5907 ,- 79.8642 ,- 116.2883 ,- 101.4313 ,- 121.7327 ,- 125.4543 ,- 125.4675 ,- 124.1754 ,- 121.2823 ,- 112.7902 ,- 100.0603 ,- 85.0784 ,- 71.0828 ,- 88.2937 ,- 160.9349 ,- 156.2039 ,- 146.3573 ,- 142.2149 ,- 142.4845 ,- 144.4110 ,- 142.0012 ,- 137.2209 ,- 133.5814 ,- 124.8099 ,- 104.5250 ,- 88.6291 ,- 73.1178 ,- 98.8209 , 30.5228 ,- 66.9502 ,
04-01-2022 ,12:24:55 ,       11527.616, 250  ,           10  , 32  , 111  , 35.7140 ,- 52.8855 ,- 111.4817 ,- 83.2340 ,- 118.0702 ,- 103.6012 ,- 123.0182 ,- 126.5491 ,- 126.6313 ,- 125.2735 ,- 122.2850 ,- 114.1743 ,- 100.7573 ,- 85.9661 ,- 71.9409 ,- 83.4083 ,- 156.9108 ,- 153.7316 ,- 145.0916 ,- 141.5146 ,- 142.6719 ,- 145.1935 ,- 141.9025 ,- 138.1875 ,- 133.4861 ,- 124.9053 ,- 103.7721 ,- 88.8263 ,- 73.9365 ,- 102.3946 , 29.9277 ,- 68.1929 ,
04-01-2022 ,12:24:56 ,       11528.081, 250  ,           10  , 32  , 111  , 34.5304 ,- 45.3797 ,- 103.1310 ,- 79.1902 ,- 115.9924 ,- 100.8395 ,- 121.4368 ,- 125.2571 ,- 125.4675 ,- 124.2773 ,- 121.4828 ,- 112.9907 ,- 100.1590 ,- 84.5820 ,- 70.7047 ,- 87.6099 ,- 158.8735 ,- 155.1584 ,- 146.1601 ,- 142.5667 ,- 143.9014 ,- 146.2751 ,- 143.4938 ,- 139.0587 ,- 135.0346 ,- 126.7102 ,- 106.6850 ,- 90.0954 ,- 74.4822 ,- 97.7294 , 32.2093 ,- 67.2362 ,
04-01-2022 ,12:24:56 ,       11528.596, 250  ,           10  , 32  , 111  , 38.6828 ,- 50.4132 ,- 109.7096 ,- 82.0768 ,- 116.8801 ,- 102.3190 ,- 122.1272 ,- 126.0527 ,- 126.0494 ,- 124.5765 ,- 121.9858 ,- 113.5825 ,- 101.1551 ,- 84.9798 ,- 71.4641 ,- 81.8433 ,- 156.7168 ,- 154.4943 ,- 146.2587 ,- 143.1814 ,- 145.0357 ,- 148.0439 ,- 144.8845 ,- 140.9919 ,- 136.2938 ,- 127.0916 ,- 106.2149 ,- 90.0954 ,- 73.9365 ,- 101.1058 , 30.8219 ,- 67.4269 ,
04-01-2022 ,12:24:57 ,       11529.111, 250  ,           10  , 32  , 111  , 38.7814 ,- 47.1847 ,- 105.9485 ,- 80.6335 ,- 116.0910 ,- 101.3327 ,- 121.3382 ,- 125.0565 ,- 124.9809 ,- 123.5770 ,- 120.6806 ,- 112.0998 ,- 99.9617 ,- 83.4937 ,- 69.8466 ,- 83.2110 ,- 156.9108 ,- 154.1130 ,- 145.5782 ,- 142.5667 ,- 144.1842 ,- 147.0609 ,- 144.2894 ,- 139.6373 ,- 135.7119 ,- 127.2823 ,- 107.6253 ,- 89.7042 ,- 74.4822 ,- 99.0214 , 31.9102 ,- 66.4702 ,
04-01-2022 ,12:24:57 ,       11529.626, 250  ,           10  , 32  , 111  , 37.9923 ,- 48.5162 ,- 107.5168 ,- 81.1168 ,- 116.3869 ,- 101.7272 ,- 121.6340 ,- 125.2571 ,- 125.4675 ,- 124.0768 ,- 121.3842 ,- 113.0894 ,- 99.6625 ,- 85.0784 ,- 70.3233 ,- 84.5787 ,- 158.9721 ,- 155.3491 ,- 146.0647 ,- 142.2149 ,- 143.6187 ,- 146.4724 ,- 143.0960 ,- 139.1541 ,- 134.4560 ,- 125.0960 ,- 104.0548 ,- 88.6291 ,- 72.8450 ,- 100.0143 , 31.0192 ,- 66.8515 ,
04-01-2022 ,12:24:58 ,       11530.091, 250  ,           10  , 32  , 111  , 37.2000 ,- 56.4954 ,- 115.7655 ,- 85.0620 ,- 118.4647 ,- 104.2916 ,- 123.4127 ,- 126.7497 ,- 126.5327 ,- 125.0729 ,- 122.2850 ,- 113.4839 ,- 98.5710 ,- 85.3743 ,- 71.3688 ,- 75.8861 ,- 151.2198 ,- 151.4500 ,- 144.4077 ,- 142.1294 ,- 144.0889 ,- 146.8636 ,- 143.9902 ,- 139.2527 ,- 135.1332 ,- 126.8055 ,- 106.4976 ,- 89.8028 ,- 75.1168 ,- 103.6833 , 30.5228 ,- 67.4269 ,
04-01-2022 ,12:24:58 ,       11530.606, 250  ,           10  , 32  , 111  , 36.2104 ,- 50.4132 ,- 108.1414 ,- 81.1168 ,- 115.9924 ,- 101.4313 ,- 121.0423 ,- 124.6587 ,- 124.6916 ,- 123.4784 ,- 120.8812 ,- 112.8888 ,- 97.9727 ,- 84.3847 ,- 70.3233 ,- 83.0170 ,- 155.5365 ,- 152.2094 ,- 143.5299 ,- 139.9365 ,- 141.1595 ,- 144.0165 ,- 140.9097 ,- 136.8329 ,- 132.1283 ,- 122.4362 ,- 103.1146 ,- 87.6526 ,- 72.3880 ,- 99.6165 , 30.9206 ,- 66.9502 ,
04-01-2022 ,12:24:59 ,       11531.121, 250  ,           10  , 32  , 111  , 34.5304 ,- 45.9518 ,- 102.6083 ,- 78.3222 ,- 114.1086 ,- 99.2614 ,- 119.4609 ,- 123.2647 ,- 123.4324 ,- 122.3803 ,- 119.8784 ,- 111.6066 ,- 98.3705 ,- 84.6806 ,- 71.5595 ,- 89.4642 ,- 162.5064 ,- 157.5354 ,- 147.7217 ,- 143.2669 ,- 143.1453 ,- 145.2921 ,- 142.3004 ,- 137.5102 ,- 133.1968 ,- 124.1458 ,- 103.6801 ,- 87.7513 ,- 73.0258 ,- 96.7365 , 32.1107 ,- 66.8515 ,
04-01-2022 ,12:24:59 ,       11531.586, 250  ,           10  , 32  , 111  , 36.6049 ,- 41.8652 ,- 99.6855 ,- 77.1683 ,- 114.3058 ,- 99.1628 ,- 120.2499 ,- 124.2609 ,- 124.6916 ,- 123.4784 ,- 120.9831 ,- 112.6916 ,- 99.3633 ,- 84.9798 ,- 70.6094 ,- 92.0055 ,- 164.3738 ,- 158.5809 ,- 148.3069 ,- 143.2669 ,- 143.6187 ,- 146.0779 ,- 142.8954 ,- 138.6708 ,- 134.1634 ,- 124.2412 ,- 103.9595 ,- 88.5305 ,- 72.3880 ,- 95.8455 , 32.3080 ,- 66.7562 ,
04-01-2022 ,12:25:00 ,       11532.102, 250  ,           10  , 32  , 111  , 34.4318 ,- 42.2466 ,- 100.8329 ,- 78.3222 ,- 116.5842 ,- 101.0368 ,- 122.3244 ,- 126.4505 ,- 127.0160 ,- 125.8751 ,- 123.4883 ,- 114.7661 ,- 100.4581 ,- 86.5611 ,- 73.3644 ,- 94.4483 ,- 165.1595 ,- 158.8669 ,- 148.0143 ,- 143.1814 ,- 143.1453 ,- 145.1935 ,- 142.1984 ,- 137.9935 ,- 133.2921 ,- 124.3365 ,- 104.1469 ,- 88.4351 ,- 73.0258 ,- 97.6307 , 30.0263 ,- 67.5222 ,
04-01-2022 ,12:25:00 ,       11532.616, 250  ,           10  , 32  , 111  , 33.3436 ,- 42.6247 ,- 100.2083 ,- 77.7469 ,- 115.6932 ,- 100.6422 ,- 121.5354 ,- 125.3557 ,- 125.5628 ,- 124.3760 ,- 121.8839 ,- 113.5825 ,- 101.0532 ,- 87.0576 ,- 73.2724 ,- 91.9069 ,- 162.9009 ,- 157.0620 ,- 146.8439 ,- 142.2149 ,- 142.2938 ,- 144.0165 ,- 141.3042 ,- 137.0269 ,- 132.9042 ,- 123.4817 ,- 102.7398 ,- 87.8466 ,- 72.2072 ,- 97.1343 , 30.7200 ,- 67.2362 ,
04-01-2022 ,12:25:01 ,       11533.131, 250  ,           10  , 32  , 111  , 37.5945 ,- 41.9606 ,- 101.0433 ,- 78.0362 ,- 115.0981 ,- 99.7546 ,- 120.6477 ,- 124.7573 ,- 125.0795 ,- 123.8795 ,- 121.5847 ,- 112.9907 ,- 99.2647 ,- 85.0784 ,- 71.5595 ,- 92.0055 ,- 164.0779 ,- 158.3902 ,- 148.0143 ,- 143.5299 ,- 143.7141 ,- 146.2751 ,- 142.9973 ,- 138.5754 ,- 134.0680 ,- 125.2866 ,- 104.9951 ,- 88.3365 ,- 73.3907 ,- 96.9370 , 30.5228 ,- 66.4702 ,
04-01-2022 ,12:25:01 ,       11533.596, 250  ,           10  , 32  , 111  , 34.5304 ,- 47.3754 ,- 104.9064 ,- 79.3842 ,- 114.1086 ,- 99.8532 ,- 119.3623 ,- 122.6664 ,- 122.8505 ,- 121.3842 ,- 118.7771 ,- 110.9129 ,- 97.2790 ,- 83.5957 ,- 70.2280 ,- 84.9732 ,- 155.9310 ,- 152.3047 ,- 143.1420 ,- 139.4105 ,- 140.3080 ,- 142.5436 ,- 139.8149 ,- 135.4784 ,- 131.6450 ,- 122.1502 ,- 102.9272 ,- 87.3600 ,- 72.1151 ,- 98.0285 , 30.5228 ,- 66.0855 ,
04-01-2022 ,12:25:02 ,       11534.111, 250  ,           10  , 32  , 111  , 36.5063 ,- 52.0307 ,- 110.7518 ,- 82.6554 ,- 117.4751 ,- 102.6116 ,- 122.4231 ,- 126.0527 ,- 126.0494 ,- 124.6751 ,- 122.0844 ,- 113.4839 ,- 99.6625 ,- 85.2757 ,- 70.7047 ,- 76.5699 ,- 149.1584 ,- 148.2182 ,- 140.9984 ,- 138.7102 ,- 141.1595 ,- 144.2138 ,- 141.1069 ,- 137.0269 ,- 132.6149 ,- 124.5272 ,- 105.0872 ,- 87.4587 ,- 72.7529 ,- 101.2044 , 30.6214 ,- 65.5135 ,
04-01-2022 ,12:25:02 ,       11534.626, 250  ,           10  , 32  , 111  , 33.9354 ,- 51.2713 ,- 109.4992 ,- 81.9814 ,- 116.6828 ,- 102.4176 ,- 121.8313 ,- 125.0565 ,- 125.0795 ,- 123.6790 ,- 120.8812 ,- 112.1984 ,- 97.5748 ,- 84.2861 ,- 69.9452 ,- 79.9891 ,- 151.2198 ,- 149.9310 ,- 142.5568 ,- 139.9365 ,- 141.8203 ,- 144.5064 ,- 141.7020 ,- 137.6088 ,- 133.6801 ,- 124.0505 ,- 106.4976 ,- 90.1940 ,- 75.3929 ,- 100.8066 , 30.2269 ,- 65.7995 ,
04-01-2022 ,12:25:03 ,       11535.141, 250  ,           10  , 32  , 111  , 35.5167 ,- 48.1348 ,- 105.4258 ,- 79.5748 ,- 114.6050 ,- 99.9518 ,- 119.6581 ,- 123.3634 ,- 123.4324 ,- 122.1831 ,- 119.2768 ,- 111.3107 ,- 98.0713 ,- 83.4937 ,- 69.2778 ,- 83.8948 ,- 156.0297 ,- 152.1173 ,- 143.1420 ,- 139.4105 ,- 140.2127 ,- 142.8395 ,- 139.6143 ,- 135.4784 ,- 130.7738 ,- 122.7223 ,- 102.4570 ,- 86.1863 ,- 71.8422 ,- 97.8313 , 30.6214 ,- 65.2241 ,
04-01-2022 ,12:25:03 ,       11535.606, 250  ,           10  , 32  , 111  , 34.6291 ,- 42.3419 ,- 98.3277 ,- 76.0143 ,- 112.5272 ,- 97.5847 ,- 118.0801 ,- 122.0713 ,- 122.2718 ,- 121.0850 ,- 118.5765 ,- 110.4198 ,- 98.3705 ,- 83.7929 ,- 69.9452 ,- 88.9776 ,- 157.7952 ,- 152.0220 ,- 141.8730 ,- 137.3064 ,- 137.5661 ,- 139.5979 ,- 136.9283 ,- 132.8680 ,- 128.7387 ,- 119.6812 ,- 100.7672 ,- 85.7951 ,- 70.1129 ,- 94.3562 , 29.1354 ,- 65.5135 ,
04-01-2022 ,12:25:04 ,       11536.121, 250  ,           10  , 32  , 111  , 30.4734 ,- 41.3918 ,- 98.4296 ,- 77.0729 ,- 116.0910 ,- 100.5436 ,- 122.1272 ,- 125.9508 ,- 126.6313 ,- 125.5727 ,- 123.1891 ,- 114.5688 ,- 100.6554 ,- 87.2548 ,- 73.3644 ,- 89.9540 ,- 157.3053 ,- 151.7360 ,- 141.8730 ,- 137.3951 ,- 137.5661 ,- 139.9924 ,- 136.9283 ,- 133.1573 ,- 128.3508 ,- 119.8718 ,- 100.2017 ,- 84.8187 ,- 69.9321 ,- 96.6379 , 32.8044 ,- 64.8428 ,
04-01-2022 ,12:25:04 ,       11536.635, 250  ,           10  , 32  , 111  , 33.0477 ,- 42.7200 ,- 98.2225 ,- 75.8236 ,- 112.4286 ,- 97.4861 ,- 118.1787 ,- 122.1699 ,- 122.3672 ,- 121.4828 ,- 119.0762 ,- 111.0149 ,- 97.7754 ,- 84.3847 ,- 71.3688 ,- 90.0527 ,- 159.7579 ,- 154.4943 ,- 144.7957 ,- 140.5480 ,- 141.2549 ,- 143.1321 ,- 140.4099 ,- 135.8664 ,- 131.4510 ,- 121.9628 ,- 103.2099 ,- 87.2614 ,- 72.1151 ,- 94.0570 , 29.5332 ,- 65.9902 ,
04-01-2022 ,12:25:05 ,       11537.1, 250  ,             10  , 32  , 111  , 36.4077 ,- 41.3918 ,- 100.2083 ,- 77.5529 ,- 114.5064 ,- 99.3601 ,- 120.0527 ,- 124.0603 ,- 124.5962 ,- 123.1792 ,- 120.6806 ,- 112.0012 ,- 97.1770 ,- 83.9902 ,- 69.7546 ,- 94.5469 ,- 165.5508 ,- 159.3436 ,- 148.9875 ,- 144.1447 ,- 144.1842 ,- 146.6664 ,- 143.0960 ,- 139.0587 ,- 134.4560 ,- 125.4773 ,- 105.6527 ,- 89.5102 ,- 74.4822 ,- 96.4406 , 31.0192 ,- 65.4148 ,
04-01-2022 ,12:25:05 ,       11537.616, 250  ,           10  , 32  , 111  , 37.9923 ,- 52.9809 ,- 110.6466 ,- 81.9814 ,- 114.4044 ,- 100.7409 ,- 119.3623 ,- 122.5677 ,- 122.2718 ,- 120.8844 ,- 118.0735 ,- 109.7294 ,- 95.7864 ,- 81.8137 ,- 67.6636 ,- 75.7874 ,- 149.7469 ,- 149.7371 ,- 142.8494 ,- 140.8143 ,- 143.6187 ,- 146.5677 ,- 143.9902 ,- 139.4467 ,- 135.7119 ,- 126.6149 ,- 108.9403 ,- 90.0954 ,- 74.6631 ,- 100.0143 , 31.0192 ,- 65.4148 ,
04-01-2022 ,12:25:06 ,       11538.131, 250  ,           10  , 32  , 111  , 36.5063 ,- 45.4751 ,- 103.6505 ,- 78.9962 ,- 114.7036 ,- 99.9518 ,- 119.9540 ,- 123.7645 ,- 124.1097 ,- 122.6795 ,- 120.2795 ,- 111.7053 ,- 97.4762 ,- 83.8915 ,- 70.3233 ,- 85.8510 ,- 157.2067 ,- 152.6861 ,- 143.2373 ,- 139.3217 ,- 139.8346 ,- 142.6423 ,- 139.3151 ,- 135.5771 ,- 130.7738 ,- 122.0549 ,- 102.0822 ,- 86.8702 ,- 71.6614 ,- 97.7294 , 31.1178 ,- 66.3748 ,
04-01-2022 ,12:25:06 ,       11538.647, 250  ,           10  , 32  , 111  , 36.9008 ,- 49.9398 ,- 107.6187 ,- 80.5381 ,- 114.6050 ,- 100.5436 ,- 119.7568 ,- 123.2647 ,- 122.8505 ,- 121.4828 ,- 118.7771 ,- 110.4198 ,- 96.3847 ,- 81.9124 ,- 68.2324 ,- 79.7918 ,- 152.1995 ,- 149.6450 ,- 141.4817 ,- 138.2697 ,- 140.0253 ,- 142.3464 ,- 139.9135 ,- 135.2845 ,- 131.6450 ,- 122.5316 ,- 103.1146 ,- 87.3600 ,- 71.9343 ,- 98.9195 , 30.6214 ,- 65.8948 ,
04-01-2022 ,12:25:07 ,       11539.112, 250  ,           10  , 32  , 111  , 37.2000 ,- 46.5206 ,- 104.1732 ,- 78.9962 ,- 113.7140 ,- 99.1628 ,- 119.0664 ,- 122.7683 ,- 123.0444 ,- 121.6833 ,- 119.0762 ,- 110.8143 ,- 97.9727 ,- 82.6028 ,- 68.9918 ,- 82.6258 ,- 154.5568 ,- 151.6406 ,- 143.2373 ,- 140.1995 ,- 141.7283 ,- 144.7036 ,- 141.3042 ,- 137.7042 ,- 132.9042 ,- 124.4318 ,- 104.8998 ,- 87.7513 ,- 72.5688 ,- 97.2329 , 31.8115 ,- 65.3195 ,
04-01-2022 ,12:25:07 ,       11539.627, 250  ,           10  , 32  , 111  , 35.9145 ,- 45.0937 ,- 103.0258 ,- 78.8055 ,- 115.3973 ,- 100.3464 ,- 120.9403 ,- 124.7573 ,- 124.5962 ,- 123.5770 ,- 120.7825 ,- 112.3957 ,- 98.4691 ,- 84.5820 ,- 70.2280 ,- 85.6570 ,- 157.0127 ,- 153.3535 ,- 144.3091 ,- 140.7256 ,- 141.9157 ,- 144.2138 ,- 141.6034 ,- 136.9316 ,- 133.0982 ,- 124.2412 ,- 104.9951 ,- 88.4351 ,- 72.8450 ,- 97.4335 , 30.0263 ,- 65.7995 ,
04-01-2022 ,12:25:08 ,       11540.143, 250  ,           10  , 32  , 111  , 37.7918 ,- 45.5704 ,- 103.3381 ,- 78.2269 ,- 114.0099 ,- 99.3601 ,- 119.5595 ,- 123.4653 ,- 123.8203 ,- 122.6795 ,- 120.2795 ,- 112.0998 ,- 97.4762 ,- 84.7792 ,- 70.9874 ,- 86.2422 ,- 159.6626 ,- 155.2538 ,- 145.3809 ,- 141.0773 ,- 141.4423 ,- 144.0165 ,- 140.5086 ,- 136.5436 ,- 131.7403 ,- 122.4362 ,- 102.2696 ,- 86.6762 ,- 70.9348 ,- 97.1343 , 30.4241 ,- 65.7995 ,
04-01-2022 ,12:25:08 ,       11540.607, 250  ,           10  , 32  , 111  , 34.5304 ,- 43.6702 ,- 101.4576 ,- 78.2269 ,- 115.2001 ,- 99.9518 ,- 120.7464 ,- 124.6587 ,- 124.6916 ,- 123.4784 ,- 120.7825 ,- 112.2970 ,- 99.6625 ,- 84.8811 ,- 71.7502 ,- 89.8554 ,- 161.2308 ,- 156.2039 ,- 146.1601 ,- 141.7776 ,- 142.0110 ,- 143.9179 ,- 141.4028 ,- 136.5436 ,- 132.7102 ,- 124.1458 ,- 103.3020 ,- 87.6526 ,- 72.2072 ,- 96.8384 , 30.0263 ,- 67.0455 ,
04-01-2022 ,12:25:09 ,       11541.122, 250  ,           10  , 32  , 111  , 34.4318 ,- 43.3874 ,- 101.7732 ,- 78.4209 ,- 115.7918 ,- 100.6422 ,- 121.5354 ,- 125.3557 ,- 125.7568 ,- 124.5765 ,- 122.0844 ,- 113.5825 ,- 99.5639 ,- 85.2757 ,- 71.9409 ,- 93.2746 ,- 163.6834 ,- 157.8215 ,- 147.5278 ,- 142.8297 ,- 142.9546 ,- 145.3908 ,- 142.0012 ,- 137.9935 ,- 133.1968 ,- 123.5770 ,- 103.8675 ,- 88.3365 ,- 72.2992 ,- 97.4335 , 31.8115 ,- 66.8515 ,
04-01-2022 ,12:25:09 ,       11541.638, 250  ,           10  , 32  , 111  , 36.9995 ,- 50.1304 ,- 108.0362 ,- 80.7288 ,- 114.7036 ,- 100.3464 ,- 119.6581 ,- 123.1661 ,- 123.1431 ,- 121.6833 ,- 118.8757 ,- 110.6170 ,- 96.6806 ,- 82.7014 ,- 69.0872 ,- 82.9184 ,- 156.4209 ,- 153.5409 ,- 144.9930 ,- 141.3403 ,- 142.4845 ,- 144.9995 ,- 142.1984 ,- 137.7042 ,- 133.5814 ,- 124.5272 ,- 104.9951 ,- 88.9217 ,- 73.6636 ,- 98.8209 , 30.8219 ,- 66.2795 ,
04-01-2022 ,12:25:10 ,       11542.152, 250  ,           10  , 32  , 111  , 35.0236 ,- 45.9518 ,- 102.8154 ,- 78.1315 ,- 114.1086 ,- 99.1628 ,- 119.4609 ,- 123.3634 ,- 123.9190 ,- 122.6795 ,- 119.9803 ,- 112.0998 ,- 99.1661 ,- 84.8811 ,- 70.8000 ,- 84.4833 ,- 155.9310 ,- 152.2094 ,- 143.2373 ,- 139.4960 ,- 140.7814 ,- 143.4280 ,- 140.1108 ,- 136.4450 ,- 131.6450 ,- 122.3409 ,- 102.5524 ,- 86.7748 ,- 71.2965 ,- 96.8384 , 30.5228 ,- 65.8948 ,
04-01-2022 ,12:25:10 ,       11542.617, 250  ,           10  , 32  , 111  , 36.1118 ,- 42.8154 ,- 99.3699 ,- 76.6883 ,- 112.2280 ,- 97.5847 ,- 117.8828 ,- 121.5716 ,- 121.6899 ,- 120.7858 ,- 118.1754 ,- 110.1239 ,- 97.0784 ,- 83.3951 ,- 70.6094 ,- 86.6335 ,- 158.0910 ,- 153.8269 ,- 144.4077 ,- 140.5480 ,- 141.7283 ,- 143.9179 ,- 141.5047 ,- 136.7376 ,- 132.6149 ,- 124.2412 ,- 103.7721 ,- 87.4587 ,- 71.8422 ,- 94.3562 , 31.9102 ,- 65.5135 ,
04-01-2022 ,12:25:11 ,       11543.133, 250  ,           10  , 32  , 111  , 37.4959 ,- 39.5869 ,- 97.4927 ,- 75.9189 ,- 113.0203 ,- 97.8806 ,- 118.5732 ,- 122.6664 ,- 123.0444 ,- 121.7820 ,- 119.3787 ,- 111.1135 ,- 98.4691 ,- 83.5957 ,- 70.2280 ,- 94.1557 ,- 165.3535 ,- 158.1075 ,- 146.9426 ,- 141.6888 ,- 141.2549 ,- 143.2308 ,- 139.8149 ,- 135.9617 ,- 130.7738 ,- 121.6768 ,- 101.4247 ,- 86.2850 ,- 70.2050 ,- 94.6554 , 30.1249 ,- 65.7995 ,
04-01-2022 ,12:25:11 ,       11543.647, 250  ,           10  , 32  , 111  , 34.8263 ,- 46.4252 ,- 103.1310 ,- 78.3222 ,- 114.0099 ,- 99.2614 ,- 119.3623 ,- 123.0675 ,- 123.1431 ,- 121.9825 ,- 119.2768 ,- 111.1135 ,- 98.3705 ,- 84.0888 ,- 70.7047 ,- 86.1436 ,- 157.5025 ,- 153.2582 ,- 143.9212 ,- 139.8477 ,- 140.4987 ,- 142.6423 ,- 139.9135 ,- 135.4784 ,- 131.4510 ,- 123.0050 ,- 102.6444 ,- 86.5776 ,- 71.4806 ,- 96.6379 , 31.1178 ,- 66.0855 ,
04-01-2022 ,12:25:12 ,       11544.162, 250  ,           10  , 32  , 111  , 35.9145 ,- 41.8652 ,- 98.8505 ,- 76.5929 ,- 113.8127 ,- 98.6696 ,- 119.5595 ,- 123.8631 ,- 124.2083 ,- 123.1792 ,- 120.8812 ,- 112.5929 ,- 99.7611 ,- 85.5716 ,- 71.4641 ,- 92.1042 ,- 163.9793 ,- 158.0121 ,- 147.4291 ,- 142.5667 ,- 142.7672 ,- 145.0982 ,- 141.8039 ,- 137.7995 ,- 133.0982 ,- 123.6691 ,- 103.0225 ,- 87.5540 ,- 71.8422 ,- 95.4477 , 29.6318 ,- 66.2795 ,
04-01-2022 ,12:25:12 ,       11544.627, 250  ,           10  , 32  , 111  , 35.7140 ,- 43.5748 ,- 101.6680 ,- 78.3222 ,- 115.3973 ,- 100.0505 ,- 120.9403 ,- 125.0565 ,- 125.1781 ,- 124.0768 ,- 121.2823 ,- 112.6916 ,- 100.5568 ,- 83.9902 ,- 70.8954 ,- 88.8790 ,- 159.1694 ,- 153.6362 ,- 143.6286 ,- 139.3217 ,- 139.7425 ,- 141.9551 ,- 139.2165 ,- 134.9951 ,- 130.8691 ,- 123.1957 ,- 101.9869 ,- 86.1863 ,- 71.2044 ,- 97.1343 , 30.6214 ,- 66.3748 ,
04-01-2022 ,12:25:13 ,       11545.143, 250  ,           10  , 32  , 111  , 34.9249 ,- 43.9562 ,- 101.0433 ,- 77.3622 ,- 113.5168 ,- 98.7683 ,- 119.1650 ,- 122.8669 ,- 123.1431 ,- 121.8839 ,- 119.1781 ,- 110.8143 ,- 99.3633 ,- 82.6028 ,- 69.4685 ,- 85.3611 ,- 155.7338 ,- 151.8313 ,- 142.5568 ,- 138.8845 ,- 140.2127 ,- 142.7409 ,- 140.0121 ,- 136.1557 ,- 131.8390 ,- 123.1957 ,- 102.4570 ,- 86.8702 ,- 71.0236 ,- 95.9442 , 30.5228 ,- 65.8948 ,
04-01-2022 ,12:25:13 ,       11545.657, 250  ,           10  , 32  , 111  , 37.9923 ,- 42.9107 ,- 100.5206 ,- 77.2669 ,- 114.1086 ,- 98.6696 ,- 119.5595 ,- 123.7645 ,- 124.2083 ,- 122.9787 ,- 120.3781 ,- 112.0012 ,- 99.2647 ,- 84.9798 ,- 70.8954 ,- 88.7803 ,- 161.5267 ,- 156.2993 ,- 146.1601 ,- 141.7776 ,- 142.1031 ,- 144.5064 ,- 141.6034 ,- 137.0269 ,- 132.9042 ,- 125.0960 ,- 103.4894 ,- 87.5540 ,- 72.1151 ,- 95.9442 , 31.4137 ,- 66.0855 ,
04-01-2022 ,12:25:14 ,       11546.122, 250  ,           10  , 32  , 111  , 35.8159 ,- 48.9896 ,- 106.7836 ,- 80.4428 ,- 115.2987 ,- 100.8395 ,- 120.3518 ,- 123.8631 ,- 124.0143 ,- 122.5809 ,- 119.9803 ,- 111.6066 ,- 99.0675 ,- 83.8915 ,- 70.4187 ,- 81.9420 ,- 153.8697 ,- 151.0686 ,- 142.9447 ,- 139.7623 ,- 141.6329 ,- 144.3124 ,- 141.7020 ,- 137.5102 ,- 133.4861 ,- 124.7179 ,- 103.9595 ,- 88.1425 ,- 72.3880 ,- 99.1201 , 30.5228 ,- 67.4269 ,
04-01-2022 ,12:25:14 ,       11546.638, 250  ,           10  , 32  , 111  , 29.9803 ,- 42.8154 ,- 99.8927 ,- 77.6516 ,- 117.3765 ,- 101.4313 ,- 123.0182 ,- 127.1475 ,- 127.5025 ,- 126.4702 ,- 124.0899 ,- 116.0516 ,- 102.5458 ,- 88.9348 ,- 74.9820 ,- 94.9381 ,- 162.6050 ,- 155.3491 ,- 144.3091 ,- 138.9732 ,- 138.7957 ,- 140.7782 ,- 137.8258 ,- 133.6406 ,- 129.0280 ,- 120.3453 ,- 101.0466 ,- 85.6011 ,- 71.0236 ,- 97.2329 , 30.6214 ,- 65.7995 ,
04-01-2022 ,12:25:15 ,       11547.152, 250  ,           10  , 32  , 111  , 35.5167 ,- 48.8943 ,- 105.9485 ,- 79.9595 ,- 114.9995 ,- 100.5436 ,- 120.3518 ,- 123.8631 ,- 124.0143 ,- 122.7814 ,- 120.0790 ,- 112.0012 ,- 98.1699 ,- 84.0888 ,- 70.8000 ,- 81.9420 ,- 153.9683 ,- 151.4500 ,- 143.4313 ,- 140.1995 ,- 142.1031 ,- 144.7036 ,- 142.0012 ,- 137.8982 ,- 133.8740 ,- 124.9053 ,- 105.0872 ,- 89.2143 ,- 73.4795 ,- 98.8209 , 30.7200 ,- 67.2362 ,
04-01-2022 ,12:25:15 ,       11547.667, 250  ,           10  , 32  , 111  , 33.4422 ,- 52.6948 ,- 110.0220 ,- 81.7907 ,- 116.0910 ,- 101.6285 ,- 121.1409 ,- 124.5601 ,- 124.7902 ,- 123.4784 ,- 120.7825 ,- 112.4943 ,- 98.1699 ,- 84.1874 ,- 70.9874 ,- 81.5507 ,- 154.0669 ,- 152.0220 ,- 143.8225 ,- 140.4625 ,- 141.3469 ,- 143.9179 ,- 140.7091 ,- 136.3497 ,- 132.0329 ,- 123.7677 ,- 104.1469 ,- 87.8466 ,- 73.6636 ,- 100.4088 , 30.8219 ,- 66.6609 ,
04-01-2022 ,12:25:16 ,       11548.133, 250  ,           10  , 32  , 111  , 36.7036 ,- 47.9474 ,- 106.3661 ,- 80.5381 ,- 115.6932 ,- 101.1354 ,- 121.2395 ,- 124.7573 ,- 124.7902 ,- 123.4784 ,- 120.7825 ,- 112.5929 ,- 99.8631 ,- 83.9902 ,- 70.2280 ,- 84.2861 ,- 157.8938 ,- 155.1584 ,- 146.4560 ,- 143.0927 ,- 144.8483 ,- 147.4521 ,- 144.6872 ,- 140.4132 ,- 136.1984 ,- 126.8055 ,- 106.4023 ,- 90.5853 ,- 74.4822 ,- 99.1201 , 31.5156 ,- 67.6176 ,
04-01-2022 ,12:25:16 ,       11548.646, 250  ,           10  , 32  , 111  , 36.3091 ,- 49.4663 ,- 108.1414 ,- 81.4028 ,- 117.0773 ,- 102.1184 ,- 122.5217 ,- 126.2499 ,- 126.3387 ,- 125.0729 ,- 122.3836 ,- 113.7798 ,- 101.2538 ,- 85.2757 ,- 71.0828 ,- 82.5272 ,- 156.0297 ,- 153.7316 ,- 145.4795 ,- 142.6554 ,- 144.5623 ,- 147.6494 ,- 144.6872 ,- 140.3146 ,- 135.9091 ,- 127.5650 ,- 107.0598 ,- 89.8028 ,- 74.6631 ,- 100.3102 , 30.3255 ,- 67.3315 ,
04-01-2022 ,12:25:17 ,       11549.161, 250  ,           10  , 32  , 111  , 38.3869 ,- 48.4208 ,- 107.4116 ,- 81.3074 ,- 115.6932 ,- 101.3327 ,- 120.9403 ,- 124.4614 ,- 124.4023 ,- 122.9787 ,- 120.0790 ,- 111.9025 ,- 98.5710 ,- 83.6943 ,- 69.9452 ,- 83.8948 ,- 157.3053 ,- 154.0176 ,- 145.1869 ,- 141.6888 ,- 143.1453 ,- 145.6867 ,- 142.7968 ,- 138.5754 ,- 134.6499 ,- 125.5694 ,- 105.6527 ,- 89.7042 ,- 73.8444 ,- 99.4159 , 31.0192 ,- 67.0455 ,
04-01-2022 ,12:25:17 ,       11549.676, 250  ,           10  , 32  , 111  , 37.4959 ,- 47.9474 ,- 107.3064 ,- 81.2121 ,- 117.0773 ,- 102.0231 ,- 122.5217 ,- 126.4505 ,- 127.0160 ,- 125.5727 ,- 122.9886 ,- 114.4702 ,- 100.6554 ,- 85.9661 ,- 71.5595 ,- 84.9732 ,- 158.7782 ,- 155.7305 ,- 146.8439 ,- 143.4445 ,- 144.8483 ,- 147.9420 ,- 144.6872 ,- 140.6039 ,- 136.0045 ,- 127.4697 ,- 106.4976 ,- 89.8028 ,- 74.2981 ,- 100.1129 , 31.2165 ,- 67.5222 ,
04-01-2022 ,12:25:18 ,       11550.142, 250  ,           10  , 32  , 111  , 37.2000 ,- 49.2756 ,- 108.8746 ,- 82.6554 ,- 118.7639 ,- 103.9924 ,- 124.2017 ,- 127.7425 ,- 127.5979 ,- 126.1710 ,- 123.3897 ,- 114.7661 ,- 100.3595 ,- 85.7688 ,- 71.4641 ,- 84.9732 ,- 158.4823 ,- 155.1584 ,- 146.4560 ,- 142.8297 ,- 144.2795 ,- 146.7650 ,- 144.0889 ,- 139.5420 ,- 135.5212 ,- 126.3321 ,- 106.4976 ,- 90.6806 ,- 74.9359 ,- 101.5003 , 29.2340 ,- 68.4822 ,
04-01-2022 ,12:25:18 ,       11550.655, 250  ,           10  , 32  , 111  , 35.9145 ,- 45.9518 ,- 104.5907 ,- 80.0581 ,- 117.6724 ,- 102.1184 ,- 123.2154 ,- 127.1475 ,- 127.4039 ,- 126.2729 ,- 123.6888 ,- 115.1639 ,- 100.7573 ,- 86.5611 ,- 73.0784 ,- 89.7600 ,- 162.7036 ,- 157.6308 ,- 147.6231 ,- 143.3557 ,- 143.9014 ,- 146.5677 ,- 143.1946 ,- 139.4467 ,- 134.2587 ,- 125.3820 ,- 104.7124 ,- 88.7277 ,- 73.2066 ,- 99.3173 , 31.3151 ,- 67.8115 ,
04-01-2022 ,12:25:19 ,       11551.171, 250  ,           10  , 32  , 111  , 36.2104 ,- 39.3008 ,- 98.3277 ,- 77.2669 ,- 116.0910 ,- 100.4450 ,- 122.4231 ,- 126.4505 ,- 126.8220 ,- 125.7732 ,- 123.1891 ,- 114.7661 ,- 101.4510 ,- 87.3535 ,- 74.2192 ,- 99.4324 ,- 171.6363 ,- 164.0023 ,- 152.4954 ,- 146.9491 ,- 146.7387 ,- 148.4352 ,- 145.8806 ,- 140.9919 ,- 136.8757 ,- 126.9962 ,- 106.7770 ,- 90.5853 ,- 73.8444 ,- 96.3420 , 30.7200 ,- 68.7683 ,
04-01-2022 ,12:25:19 ,       11551.636, 250  ,           10  , 32  , 111  , 33.1463 ,- 47.0893 ,- 105.7414 ,- 81.0181 ,- 119.5529 ,- 103.7951 ,- 124.9908 ,- 128.7387 ,- 129.3403 ,- 127.8675 ,- 125.3951 ,- 116.6433 ,- 103.4401 ,- 88.6390 ,- 74.3146 ,- 87.2187 ,- 157.6965 ,- 153.3535 ,- 143.9212 ,- 140.2883 ,- 141.1595 ,- 143.9179 ,- 140.6105 ,- 137.2209 ,- 132.4209 ,- 124.8099 ,- 103.1146 ,- 87.8466 ,- 72.7529 ,- 100.6094 , 30.6214 ,- 67.5222 ,
04-01-2022 ,12:25:20 ,       11552.151, 250  ,           10  , 32  , 111  , 30.6707 ,- 41.8652 ,- 100.4154 ,- 78.3222 ,- 116.8801 ,- 101.4313 ,- 122.7190 ,- 126.6477 ,- 126.8220 ,- 125.4740 ,- 123.0872 ,- 114.1743 ,- 100.6554 ,- 86.1666 ,- 73.0784 ,- 100.1162 ,- 169.9661 ,- 162.9568 ,- 152.1075 ,- 146.8636 ,- 146.2653 ,- 147.9420 ,- 145.0850 ,- 140.2193 ,- 136.7803 ,- 127.3776 ,- 108.7496 ,- 91.6603 ,- 76.0274 ,- 97.5321 , 31.0192 ,- 68.0022 ,
04-01-2022 ,12:25:20 ,       11552.666, 250  ,           10  , 32  , 111  , 36.3091 ,- 44.4296 ,- 102.1907 ,- 78.3222 ,- 114.9009 ,- 99.6559 ,- 120.3518 ,- 124.4614 ,- 125.0795 ,- 123.9781 ,- 121.5847 ,- 113.2866 ,- 100.1590 ,- 85.3743 ,- 72.2236 ,- 88.1951 ,- 161.0368 ,- 156.6806 ,- 147.1365 ,- 143.2669 ,- 144.1842 ,- 146.5677 ,- 143.3919 ,- 139.2527 ,- 133.8740 ,- 124.5272 ,- 104.3376 ,- 88.2379 ,- 72.2992 ,- 97.0357 , 31.3151 ,- 66.7562 ,
04-01-2022 ,12:25:21 ,       11553.182, 250  ,           10  , 32  , 111  , 36.1118 ,- 52.2214 ,- 111.0675 ,- 83.1354 ,- 118.0702 ,- 103.3020 ,- 123.3140 ,- 126.6477 ,- 126.6313 ,- 125.0729 ,- 122.2850 ,- 114.0757 ,- 99.6625 ,- 85.8674 ,- 71.1781 ,- 82.3332 ,- 156.6182 ,- 154.5897 ,- 146.4560 ,- 143.5299 ,- 145.3184 ,- 147.7480 ,- 145.2823 ,- 140.6039 ,- 136.7803 ,- 128.0417 ,- 107.9047 ,- 91.3644 ,- 75.7546 ,- 102.0954 , 30.4241 ,- 68.1929 ,
04-01-2022 ,12:25:21 ,       11553.646, 250  ,           10  , 32  , 111  , 35.0236 ,- 55.1672 ,- 114.1973 ,- 84.6773 ,- 119.2570 ,- 104.6828 ,- 124.3990 ,- 127.6439 ,- 127.6932 ,- 126.0724 ,- 123.2877 ,- 115.2625 ,- 100.0603 ,- 86.2653 ,- 71.9409 ,- 79.2066 ,- 152.1995 ,- 150.9732 ,- 143.5299 ,- 141.0773 ,- 143.4280 ,- 146.7650 ,- 143.5924 ,- 140.0253 ,- 135.2286 ,- 126.7102 ,- 106.2149 ,- 90.5853 ,- 75.2088 ,- 103.8839 , 30.9206 ,- 68.4822 ,
04-01-2022 ,12:25:22 ,       11554.161, 250  ,           10  , 32  , 111  , 33.5408 ,- 47.8488 ,- 105.9485 ,- 80.8274 ,- 118.4647 ,- 102.9107 ,- 123.8072 ,- 127.5453 ,- 127.5025 ,- 126.2729 ,- 123.4883 ,- 114.9633 ,- 102.2466 ,- 86.6598 ,- 72.7957 ,- 90.1480 ,- 162.9962 ,- 158.1075 ,- 148.2083 ,- 143.8817 ,- 144.6576 ,- 146.6664 ,- 144.2894 ,- 139.6373 ,- 135.6165 ,- 126.4275 ,- 106.2149 ,- 90.4866 ,- 75.0280 ,- 100.3102 , 30.4241 ,- 68.8636 ,
04-01-2022 ,12:25:22 ,       11554.676, 250  ,           10  , 32  , 111  , 35.5167 ,- 47.8488 ,- 106.1590 ,- 80.6335 ,- 116.6828 ,- 101.8258 ,- 122.2258 ,- 125.9508 ,- 126.2434 ,- 124.8757 ,- 122.3836 ,- 114.2729 ,- 100.6554 ,- 86.3639 ,- 72.6050 ,- 88.2937 ,- 161.0368 ,- 156.7760 ,- 147.4291 ,- 143.3557 ,- 144.1842 ,- 146.7650 ,- 143.3919 ,- 139.6373 ,- 134.6499 ,- 125.5694 ,- 104.3376 ,- 88.6291 ,- 72.6609 ,- 99.8138 , 30.5228 ,- 67.6176 ,
04-01-2022 ,12:25:23 ,       11555.19, 250  ,            10  , 32  , 111  , 34.0340 ,- 46.1392 ,- 104.8012 ,- 80.6335 ,- 118.3661 ,- 102.9107 ,- 124.0044 ,- 127.7425 ,- 127.6932 ,- 126.4702 ,- 123.6888 ,- 115.0653 ,- 101.2538 ,- 86.3639 ,- 72.7003 ,- 90.9305 ,- 162.7036 ,- 157.4401 ,- 147.2352 ,- 143.0039 ,- 143.6187 ,- 145.5880 ,- 143.0960 ,- 138.2861 ,- 134.4560 ,- 126.0461 ,- 105.2746 ,- 89.8028 ,- 74.5743 ,- 99.5146 , 30.0263 ,- 68.2883 ,
04-01-2022 ,12:25:23 ,       11555.653, 250  ,           10  , 32  , 111  , 33.6395 ,- 49.1803 ,- 106.3661 ,- 80.3442 ,- 116.9787 ,- 101.9244 ,- 122.5217 ,- 126.3486 ,- 126.9206 ,- 125.5727 ,- 122.9886 ,- 114.6675 ,- 101.3524 ,- 86.6598 ,- 72.7003 ,- 85.4598 ,- 157.5979 ,- 154.3036 ,- 145.8708 ,- 142.5667 ,- 143.9968 ,- 147.0609 ,- 143.8916 ,- 140.3146 ,- 135.7119 ,- 125.8554 ,- 105.7447 ,- 89.5102 ,- 73.4795 ,- 99.6165 , 32.6039 ,- 67.5222 ,
04-01-2022 ,12:25:24 ,       11556.169, 250  ,           10  , 32  , 111  , 33.3436 ,- 46.6159 ,- 104.8012 ,- 80.1535 ,- 117.6724 ,- 102.2203 ,- 123.1168 ,- 127.1475 ,- 127.1146 ,- 125.8751 ,- 123.0872 ,- 114.5688 ,- 100.4581 ,- 86.4625 ,- 72.4143 ,- 88.3924 ,- 159.8565 ,- 156.1086 ,- 146.9426 ,- 143.2669 ,- 144.3749 ,- 146.4724 ,- 143.7930 ,- 139.2527 ,- 135.4225 ,- 126.4275 ,- 106.6850 ,- 89.9014 ,- 74.5743 ,- 99.2187 , 31.9102 ,- 68.2883 ,
04-01-2022 ,12:25:24 ,       11556.684, 250  ,           10  , 32  , 111  , 35.7140 ,- 38.9228 ,- 99.0576 ,- 78.5162 ,- 118.9612 ,- 102.7102 ,- 125.1880 ,- 129.3371 ,- 130.1162 ,- 128.7683 ,- 126.3946 ,- 117.5343 ,- 103.3414 ,- 90.0231 ,- 75.5507 ,- 99.7250 ,- 170.8505 ,- 162.3848 ,- 150.3519 ,- 144.1447 ,- 143.1453 ,- 145.2921 ,- 141.8039 ,- 137.9935 ,- 132.9995 ,- 123.1003 ,- 103.3973 ,- 88.0439 ,- 72.0231 ,- 98.1272 , 31.2165 ,- 67.9069 ,
04-01-2022 ,12:25:25 ,       11557.148, 250  ,           10  , 32  , 111  , 31.8576 ,- 46.7113 ,- 103.4433 ,- 78.8055 ,- 115.7918 ,- 100.6422 ,- 121.3382 ,- 125.1551 ,- 125.4675 ,- 124.3760 ,- 121.6833 ,- 113.3853 ,- 99.9617 ,- 85.2757 ,- 71.2735 ,- 84.7759 ,- 155.8324 ,- 152.7814 ,- 144.4077 ,- 141.2516 ,- 142.7672 ,- 145.0982 ,- 142.5995 ,- 138.1875 ,- 134.1634 ,- 125.9508 ,- 105.2746 ,- 89.1189 ,- 73.3907 ,- 97.7294 , 32.7025 ,- 67.6176 ,
04-01-2022 ,12:25:25 ,       11557.664, 250  ,           10  , 32  , 111  , 35.3195 ,- 41.1058 ,- 99.7875 ,- 77.7469 ,- 115.6932 ,- 100.3464 ,- 121.3382 ,- 125.4543 ,- 125.9508 ,- 124.7771 ,- 122.3836 ,- 113.8784 ,- 99.8631 ,- 86.3639 ,- 72.7003 ,- 95.9146 ,- 166.9250 ,- 160.0078 ,- 149.0861 ,- 143.9705 ,- 144.4702 ,- 147.0609 ,- 143.7930 ,- 140.1239 ,- 135.0346 ,- 125.3820 ,- 105.2746 ,- 89.2143 ,- 73.2987 ,- 96.8384 , 30.4241 ,- 67.9069 ,
04-01-2022 ,12:25:26 ,       11558.178, 250  ,           10  , 32  , 111  , 36.1118 ,- 48.4208 ,- 106.3661 ,- 80.3442 ,- 116.2883 ,- 101.1354 ,- 121.5354 ,- 125.4543 ,- 125.5628 ,- 124.5765 ,- 121.6833 ,- 113.1880 ,- 100.3595 ,- 85.4729 ,- 71.1781 ,- 83.7009 ,- 156.6182 ,- 153.7316 ,- 145.1869 ,- 142.3036 ,- 144.2795 ,- 147.1595 ,- 144.4866 ,- 140.0253 ,- 136.2938 ,- 128.0417 ,- 106.9677 ,- 90.3880 ,- 74.2094 ,- 99.3173 , 30.1249 ,- 67.6176 ,
04-01-2022 ,12:25:26 ,       11558.692, 250  ,           10  , 32  , 111  , 33.9354 ,- 47.3754 ,- 105.7414 ,- 80.7288 ,- 117.8729 ,- 102.7102 ,- 123.5113 ,- 127.3447 ,- 127.5979 ,- 126.2729 ,- 123.8894 ,- 115.2625 ,- 101.0532 ,- 87.3535 ,- 73.3644 ,- 89.1716 ,- 160.4450 ,- 156.4899 ,- 147.3305 ,- 143.5299 ,- 144.3749 ,- 146.8636 ,- 143.5924 ,- 139.4467 ,- 134.7453 ,- 125.6647 ,- 105.4620 ,- 89.6088 ,- 73.4795 ,- 99.8138 , 30.8219 ,- 67.8115 ,
04-01-2022 ,12:25:27 ,       11559.157, 250  ,           10  , 32  , 111  , 36.5063 ,- 47.3754 ,- 105.8433 ,- 80.4428 ,- 116.6828 ,- 101.3327 ,- 121.8313 ,- 125.8521 ,- 126.0494 ,- 124.6751 ,- 121.9858 ,- 113.4839 ,- 99.7611 ,- 84.9798 ,- 70.7047 ,- 86.0450 ,- 159.1694 ,- 155.2538 ,- 145.9661 ,- 142.3036 ,- 143.2406 ,- 145.9793 ,- 142.8954 ,- 138.5754 ,- 134.2587 ,- 125.9508 ,- 105.6527 ,- 89.0203 ,- 74.0285 ,- 98.9195 , 32.3080 ,- 67.3315 ,
04-01-2022 ,12:25:27 ,       11559.673, 250  ,           10  , 32  , 111  , 33.6395 ,- 52.7902 ,- 110.7518 ,- 82.6554 ,- 117.7710 ,- 103.2033 ,- 123.0182 ,- 126.6477 ,- 126.7266 ,- 125.2735 ,- 122.7880 ,- 114.6675 ,- 100.0603 ,- 86.4625 ,- 72.2236 ,- 80.5743 ,- 153.0839 ,- 151.9267 ,- 144.6017 ,- 142.0406 ,- 143.7141 ,- 146.6664 ,- 143.6910 ,- 139.7360 ,- 135.1332 ,- 125.4773 ,- 106.2149 ,- 90.6806 ,- 75.3009 ,- 101.8981 , 31.7129 ,- 68.2883 ,
04-01-2022 ,12:25:28 ,       11560.188, 250  ,           10  , 32  , 111  , 37.8904 ,- 45.0017 ,- 105.0083 ,- 80.8274 ,- 118.8625 ,- 103.1080 ,- 124.6949 ,- 128.6401 ,- 129.0510 ,- 127.7688 ,- 125.0927 ,- 115.9529 ,- 101.4510 ,- 87.6494 ,- 72.7957 ,- 91.2231 ,- 165.4521 ,- 160.7672 ,- 150.7431 ,- 146.5119 ,- 147.1168 ,- 149.8094 ,- 146.6762 ,- 142.0571 ,- 137.3623 ,- 129.0872 ,- 109.2198 ,- 90.6806 ,- 75.2088 ,- 99.6165 , 31.5156 ,- 67.6176 ,
04-01-2022 ,12:25:28 ,       11560.702, 250  ,           10  , 32  , 111  , 37.1014 ,- 49.9398 ,- 107.7239 ,- 80.9228 ,- 115.9924 ,- 101.2340 ,- 121.4368 ,- 125.0565 ,- 125.2735 ,- 123.9781 ,- 121.4828 ,- 113.1880 ,- 98.9655 ,- 85.4729 ,- 70.8000 ,- 83.7995 ,- 157.4039 ,- 154.1130 ,- 145.3809 ,- 141.6034 ,- 142.6719 ,- 144.9995 ,- 142.0998 ,- 137.7995 ,- 133.3875 ,- 123.7677 ,- 103.2099 ,- 88.3365 ,- 72.1151 ,- 99.8138 , 32.1107 ,- 67.0455 ,
04-01-2022 ,12:25:29 ,       11561.168, 250  ,           10  , 32  , 111  , 36.9995 ,- 48.2302 ,- 106.2609 ,- 80.0581 ,- 114.3058 ,- 99.8532 ,- 119.4609 ,- 123.0675 ,- 123.1431 ,- 121.8839 ,- 119.0762 ,- 110.9129 ,- 97.3776 ,- 82.1096 ,- 69.0872 ,- 81.4521 ,- 152.9886 ,- 150.1184 ,- 141.6790 ,- 138.4472 ,- 139.6472 ,- 142.3464 ,- 139.4138 ,- 135.2845 ,- 131.1617 ,- 123.1957 ,- 103.2099 ,- 87.0674 ,- 71.9343 ,- 98.2258 , 31.6143 ,- 65.2241 ,
04-01-2022 ,12:25:29 ,       11561.683, 250  ,           10  , 32  , 111  , 37.3973 ,- 46.9019 ,- 104.4888 ,- 78.9009 ,- 112.8231 ,- 98.5710 ,- 117.8828 ,- 121.3743 ,- 121.4006 ,- 120.1875 ,- 117.2713 ,- 109.2362 ,- 95.3885 ,- 81.7151 ,- 68.0417 ,- 81.1595 ,- 152.6927 ,- 149.4543 ,- 140.8998 ,- 137.6549 ,- 139.4565 ,- 141.9551 ,- 139.2165 ,- 135.1891 ,- 131.1617 ,- 121.6768 ,- 102.3650 ,- 87.0674 ,- 71.2965 ,- 96.9370 , 30.4241 ,- 64.7474 ,
04-01-2022 ,12:25:30 ,       11562.196, 250  ,           10  , 32  , 111  , 26.9129 ,- 53.3589 ,- 107.2012 ,- 79.5748 ,- 113.3195 ,- 99.0642 ,- 118.1787 ,- 121.7721 ,- 121.8839 ,- 120.6839 ,- 118.2740 ,- 110.3212 ,- 96.2828 ,- 83.0006 ,- 69.0872 ,- 76.9611 ,- 144.7398 ,- 143.5595 ,- 136.7080 ,- 134.5020 ,- 136.6192 ,- 139.5979 ,- 136.6291 ,- 132.7694 ,- 128.4461 ,- 120.0625 ,- 101.0466 ,- 85.7951 ,- 71.6614 ,- 97.9299 , 31.4137 ,- 64.4581 ,
04-01-2022 ,12:25:30 ,       11562.711, 250  ,           10  , 32  , 111  , 33.6395 ,- 44.8110 ,- 101.9803 ,- 77.8422 ,- 114.3058 ,- 99.4587 ,- 120.0527 ,- 123.7645 ,- 123.9190 ,- 122.6795 ,- 119.9803 ,- 111.6066 ,- 99.9617 ,- 84.9798 ,- 70.4187 ,- 87.2187 ,- 158.4823 ,- 154.4943 ,- 145.3809 ,- 141.6034 ,- 142.7672 ,- 144.9009 ,- 142.4976 ,- 137.8982 ,- 133.7754 ,- 125.1913 ,- 103.7721 ,- 88.4351 ,- 72.2992 ,- 96.3420 , 31.3151 ,- 66.3748 ,
04-01-2022 ,12:25:31 ,       11563.176, 250  ,           10  , 32  , 111  , 34.8263 ,- 43.0061 ,- 101.0433 ,- 78.1315 ,- 115.8905 ,- 100.2477 ,- 121.4368 ,- 125.6516 ,- 126.0494 ,- 124.7771 ,- 122.4855 ,- 114.0757 ,- 101.2538 ,- 86.7584 ,- 73.2724 ,- 95.1321 ,- 167.6122 ,- 160.8625 ,- 149.8653 ,- 144.5820 ,- 144.0889 ,- 146.2751 ,- 142.7968 ,- 138.7694 ,- 133.9694 ,- 125.0006 ,- 104.3376 ,- 88.1425 ,- 72.6609 ,- 97.3348 , 30.6214 ,- 67.8115 ,
04-01-2022 ,12:25:31 ,       11563.691, 250  ,           10  , 32  , 111  , 34.5304 ,- 50.2258 ,- 108.3518 ,- 81.4028 ,- 116.4855 ,- 101.8258 ,- 121.8313 ,- 125.2571 ,- 125.2735 ,- 123.9781 ,- 121.1836 ,- 112.9907 ,- 98.5710 ,- 85.0784 ,- 70.8954 ,- 81.4521 ,- 154.1623 ,- 152.5908 ,- 144.9930 ,- 142.4779 ,- 144.6576 ,- 147.1595 ,- 144.6872 ,- 140.2193 ,- 136.2938 ,- 127.0916 ,- 108.3749 ,- 91.3644 ,- 75.4817 ,- 100.2116 , 31.8115 ,- 67.5222 ,
04-01-2022 ,12:25:32 ,       11564.206, 250  ,           10  , 32  , 111  , 34.1326 ,- 55.1672 ,- 112.5272 ,- 83.0400 ,- 116.8801 ,- 102.4176 ,- 121.5354 ,- 125.0565 ,- 125.2735 ,- 124.1754 ,- 121.4828 ,- 113.5825 ,- 99.2647 ,- 85.1770 ,- 71.1781 ,- 77.9376 ,- 151.3184 ,- 150.4998 ,- 143.0434 ,- 140.5480 ,- 142.4845 ,- 145.5880 ,- 142.3990 ,- 138.4768 ,- 133.9694 ,- 125.2866 ,- 105.3699 ,- 88.9217 ,- 74.0285 ,- 101.9968 , 32.0088 ,- 66.8515 ,
04-01-2022 ,12:25:32 ,       11564.671, 250  ,           10  , 32  , 111  , 38.7814 ,- 49.8444 ,- 108.9765 ,- 81.6921 ,- 115.5946 ,- 101.4313 ,- 120.7464 ,- 123.9617 ,- 123.8203 ,- 122.3803 ,- 119.5792 ,- 111.2121 ,- 97.3776 ,- 82.6028 ,- 68.3277 ,- 81.6494 ,- 155.2439 ,- 152.7814 ,- 144.4077 ,- 140.9886 ,- 142.3891 ,- 144.7036 ,- 142.0998 ,- 137.4116 ,- 133.6801 ,- 124.4318 ,- 105.7447 ,- 89.1189 ,- 74.1173 ,- 100.1129 , 30.8219 ,- 65.7995 ,
04-01-2022 ,12:25:33 ,       11565.187, 250  ,           10  , 32  , 111  , 35.2208 ,- 44.0515 ,- 101.5628 ,- 78.0362 ,- 114.9995 ,- 99.5573 ,- 120.5491 ,- 124.5601 ,- 124.7902 ,- 123.5770 ,- 121.0817 ,- 112.5929 ,- 99.0675 ,- 84.0888 ,- 70.7047 ,- 87.9025 ,- 159.0708 ,- 154.4943 ,- 145.0916 ,- 140.9886 ,- 141.9157 ,- 144.6050 ,- 141.3042 ,- 137.5102 ,- 132.9042 ,- 124.7179 ,- 104.0548 ,- 88.1425 ,- 72.8450 ,- 96.6379 , 31.3151 ,- 66.5655 ,
04-01-2022 ,12:25:33 ,       11565.701, 250  ,           10  , 32  , 111  , 36.5063 ,- 47.1847 ,- 104.4888 ,- 79.0948 ,- 114.3058 ,- 99.6559 ,- 119.8554 ,- 123.5639 ,- 123.6264 ,- 122.3803 ,- 119.6779 ,- 111.6066 ,- 97.7754 ,- 84.3847 ,- 70.1326 ,- 86.4362 ,- 160.3497 ,- 156.7760 ,- 147.4291 ,- 143.4445 ,- 144.4702 ,- 146.5677 ,- 143.9902 ,- 139.2527 ,- 135.1332 ,- 125.2866 ,- 105.5573 ,- 89.4116 ,- 73.5715 ,- 97.5321 , 30.9206 ,- 66.5655 ,
04-01-2022 ,12:25:34 ,       11566.216, 250  ,           10  , 32  , 111  , 36.0132 ,- 44.5250 ,- 103.2362 ,- 79.0948 ,- 115.9924 ,- 100.7409 ,- 121.4368 ,- 125.0565 ,- 125.1781 ,- 123.8795 ,- 121.0817 ,- 112.8888 ,- 100.1590 ,- 84.8811 ,- 71.1781 ,- 91.5190 ,- 163.5847 ,- 158.3902 ,- 148.2083 ,- 143.5299 ,- 143.5234 ,- 146.0779 ,- 142.4976 ,- 138.6708 ,- 133.8740 ,- 125.3820 ,- 103.9595 ,- 87.6526 ,- 72.2992 ,- 98.2258 , 30.2269 ,- 67.2362 ,
04-01-2022 ,12:25:34 ,       11566.682, 250  ,           10  , 32  , 111  , 35.1222 ,- 53.7403 ,- 110.7518 ,- 82.1721 ,- 116.0910 ,- 101.6285 ,- 121.1409 ,- 124.6587 ,- 124.7902 ,- 123.4784 ,- 120.7825 ,- 112.3957 ,- 98.4691 ,- 84.3847 ,- 69.7546 ,- 77.1551 ,- 149.8456 ,- 148.9776 ,- 141.5804 ,- 139.2362 ,- 141.5376 ,- 144.0165 ,- 141.6034 ,- 137.0269 ,- 133.4861 ,- 123.9551 ,- 104.6170 ,- 88.2379 ,- 73.4795 ,- 100.5107 , 31.5156 ,- 66.2795 ,
04-01-2022 ,12:25:35 ,       11567.196, 250  ,           10  , 32  , 111  , 37.2986 ,- 51.3666 ,- 109.9168 ,- 82.1721 ,- 116.3869 ,- 101.9244 ,- 121.4368 ,- 124.9579 ,- 125.0795 ,- 123.7776 ,- 121.3842 ,- 112.9907 ,- 98.1699 ,- 84.7792 ,- 70.5140 ,- 83.3096 ,- 158.1864 ,- 155.4445 ,- 146.5513 ,- 143.1814 ,- 144.3749 ,- 147.0609 ,- 143.5924 ,- 139.5420 ,- 134.6499 ,- 125.6647 ,- 105.3699 ,- 89.1189 ,- 73.9365 ,- 100.9053 , 32.7025 ,- 67.4269 ,
04-01-2022 ,12:25:35 ,       11567.711, 250  ,           10  , 32  , 111  , 31.9595 ,- 48.2302 ,- 106.3661 ,- 80.7288 ,- 117.4751 ,- 102.3190 ,- 123.0182 ,- 126.6477 ,- 126.7266 ,- 125.5727 ,- 122.7880 ,- 114.4702 ,- 101.2538 ,- 86.2653 ,- 72.7003 ,- 88.0011 ,- 159.2680 ,- 155.9179 ,- 147.2352 ,- 143.4445 ,- 144.5623 ,- 146.7650 ,- 144.0889 ,- 139.5420 ,- 135.5212 ,- 126.8055 ,- 106.6850 ,- 90.2926 ,- 74.8439 ,- 99.9124 , 30.6214 ,- 68.1929 ,
04-01-2022 ,12:25:36 ,       11568.177, 250  ,           10  , 32  , 111  , 36.0132 ,- 45.8565 ,- 104.3836 ,- 79.8642 ,- 116.8801 ,- 101.6285 ,- 122.3244 ,- 126.0527 ,- 126.6313 ,- 125.2735 ,- 122.7880 ,- 114.6675 ,- 101.4510 ,- 86.7584 ,- 72.7957 ,- 88.4877 ,- 160.6423 ,- 155.7305 ,- 146.0647 ,- 141.6888 ,- 142.2938 ,- 144.9009 ,- 141.6034 ,- 137.7042 ,- 132.7102 ,- 124.0505 ,- 102.2696 ,- 87.6526 ,- 72.3880 ,- 99.1201 , 30.2269 ,- 67.7162 ,
04-01-2022 ,12:25:36 ,       11568.691, 250  ,           10  , 32  , 111  , 37.8904 ,- 50.7945 ,- 109.4992 ,- 82.2707 ,- 116.6828 ,- 102.0231 ,- 121.8313 ,- 125.3557 ,- 125.0795 ,- 123.6790 ,- 120.5820 ,- 112.2970 ,- 97.6768 ,- 83.2965 ,- 68.9918 ,- 79.1080 ,- 153.5738 ,- 152.4001 ,- 144.9930 ,- 142.6554 ,- 145.1310 ,- 148.0439 ,- 145.5815 ,- 140.8012 ,- 137.1683 ,- 128.1371 ,- 108.4702 ,- 91.2691 ,- 75.6625 ,- 100.5107 , 31.9102 ,- 67.3315 ,
04-01-2022 ,12:25:37 ,       11569.206, 250  ,           10  , 32  , 111  , 35.7140 ,- 47.7534 ,- 106.8888 ,- 81.1168 ,- 117.3765 ,- 102.3190 ,- 122.7190 ,- 126.6477 ,- 127.0160 ,- 125.5727 ,- 123.0872 ,- 114.5688 ,- 100.0603 ,- 86.0680 ,- 72.0362 ,- 86.6335 ,- 158.8735 ,- 155.2538 ,- 145.9661 ,- 142.2149 ,- 143.6187 ,- 146.7650 ,- 143.3919 ,- 139.7360 ,- 134.8406 ,- 125.9508 ,- 105.4620 ,- 89.5102 ,- 74.2981 ,- 100.1129 , 29.4312 ,- 68.4822 ,
04-01-2022 ,12:25:37 ,       11569.722, 250  ,           10  , 32  , 111  , 31.6603 ,- 41.6745 ,- 98.3277 ,- 76.3989 ,- 114.3058 ,- 99.0642 ,- 120.3518 ,- 124.4614 ,- 124.8855 ,- 123.8795 ,- 121.3842 ,- 112.9907 ,- 99.5639 ,- 85.4729 ,- 71.6548 ,- 92.8866 ,- 162.1152 ,- 156.7760 ,- 146.6499 ,- 142.4779 ,- 143.0499 ,- 145.1935 ,- 142.8954 ,- 138.0921 ,- 134.1634 ,- 125.0960 ,- 105.1825 ,- 88.9217 ,- 73.3907 ,- 95.0499 , 28.3430 ,- 67.2362 ,
04-01-2022 ,12:25:38 ,       11570.187, 250  ,           10  , 32  , 111  , 36.2104 ,- 45.3797 ,- 102.8154 ,- 78.7102 ,- 115.2001 ,- 100.0505 ,- 120.7464 ,- 124.5601 ,- 125.0795 ,- 123.9781 ,- 121.2823 ,- 113.0894 ,- 99.8631 ,- 85.2757 ,- 71.7502 ,- 87.2187 ,- 159.5606 ,- 155.1584 ,- 145.8708 ,- 141.7776 ,- 142.8625 ,- 145.5880 ,- 142.4976 ,- 138.6708 ,- 133.9694 ,- 124.7179 ,- 103.6801 ,- 88.0439 ,- 72.1151 ,- 97.4335 , 30.5228 ,- 67.1409 ,
04-01-2022 ,12:25:38 ,       11570.701, 250  ,           10  , 32  , 111  , 37.4959 ,- 48.0395 ,- 106.6817 ,- 80.6335 ,- 115.7918 ,- 100.9381 ,- 121.0423 ,- 124.6587 ,- 124.6916 ,- 123.2812 ,- 120.5820 ,- 112.2970 ,- 98.7683 ,- 84.4833 ,- 70.5140 ,- 85.7524 ,- 158.4823 ,- 154.8724 ,- 145.6735 ,- 142.1294 ,- 142.8625 ,- 145.2921 ,- 142.7968 ,- 137.9935 ,- 133.9694 ,- 125.3820 ,- 104.7124 ,- 88.9217 ,- 73.6636 ,- 99.2187 , 30.1249 ,- 67.2362 ,
04-01-2022 ,12:25:39 ,       11571.215, 250  ,           10  , 32  , 111  , 37.4959 ,- 42.3419 ,- 99.8927 ,- 76.8789 ,- 113.3195 ,- 98.3737 ,- 118.7705 ,- 122.7683 ,- 122.9491 ,- 121.8839 ,- 119.3787 ,- 111.1135 ,- 98.1699 ,- 84.3847 ,- 70.9874 ,- 91.1277 ,- 161.9179 ,- 155.9179 ,- 145.5782 ,- 141.0773 ,- 141.6329 ,- 144.2138 ,- 141.1069 ,- 137.3162 ,- 132.8088 ,- 124.0505 ,- 103.3020 ,- 87.3600 ,- 71.2965 ,- 95.6483 , 30.4241 ,- 65.8948 ,
04-01-2022 ,12:25:39 ,       11571.73, 250  ,            10  , 32  , 111  , 35.0236 ,- 41.9606 ,- 99.4751 ,- 76.7836 ,- 113.1190 ,- 98.0779 ,- 118.7705 ,- 122.7683 ,- 123.1431 ,- 122.1831 ,- 119.4773 ,- 111.1135 ,- 98.2718 ,- 83.8915 ,- 70.8000 ,- 92.6894 ,- 163.2921 ,- 157.2494 ,- 146.9426 ,- 142.1294 ,- 142.2938 ,- 144.3124 ,- 141.6034 ,- 137.0269 ,- 132.7102 ,- 124.2412 ,- 104.5250 ,- 88.2379 ,- 73.2987 ,- 95.2505 , 31.0192 ,- 65.7995 ,
04-01-2022 ,12:25:40 ,       11572.193, 250  ,           10  , 32  , 111  , 35.7140 ,- 42.0559 ,- 99.4751 ,- 76.4976 ,- 113.0203 ,- 98.1765 ,- 118.8691 ,- 122.5677 ,- 122.9491 ,- 121.7820 ,- 119.2768 ,- 111.0149 ,- 98.1699 ,- 83.7929 ,- 70.4187 ,- 89.9540 ,- 160.1524 ,- 154.9678 ,- 145.1869 ,- 140.9886 ,- 141.6329 ,- 144.2138 ,- 141.3042 ,- 137.4116 ,- 132.8088 ,- 123.1957 ,- 103.2099 ,- 87.4587 ,- 71.1157 ,- 95.2505 , 31.4137 ,- 65.9902 ,
04-01-2022 ,12:25:40 ,       11572.708, 250  ,           10  , 32  , 111  , 35.5167 ,- 50.9852 ,- 109.7096 ,- 82.4647 ,- 117.8729 ,- 102.8088 ,- 123.0182 ,- 126.7497 ,- 126.7266 ,- 125.4740 ,- 122.4855 ,- 114.2729 ,- 99.3633 ,- 85.6702 ,- 70.8000 ,- 82.8231 ,- 155.7338 ,- 152.9721 ,- 144.4077 ,- 141.2516 ,- 142.7672 ,- 145.2921 ,- 142.6982 ,- 138.0921 ,- 134.1634 ,- 125.9508 ,- 105.5573 ,- 89.2143 ,- 74.9359 ,- 101.2044 , 32.3080 ,- 67.3315 ,
04-01-2022 ,12:25:41 ,       11573.223, 250  ,           10  , 32  , 111  , 40.0669 ,- 46.5206 ,- 105.6362 ,- 80.0581 ,- 115.3973 ,- 100.6422 ,- 120.8450 ,- 124.5601 ,- 124.7902 ,- 123.3798 ,- 120.7825 ,- 112.3957 ,- 99.6625 ,- 85.0784 ,- 71.1781 ,- 87.3173 ,- 162.2138 ,- 157.9168 ,- 148.2083 ,- 143.9705 ,- 144.7530 ,- 147.5508 ,- 144.2894 ,- 140.0253 ,- 135.3272 ,- 125.6647 ,- 105.0872 ,- 89.5102 ,- 73.5715 ,- 98.8209 , 31.2165 ,- 67.4269 ,
04-01-2022 ,12:25:41 ,       11573.737, 250  ,           10  , 32  , 111  , 36.9008 ,- 47.3754 ,- 105.4258 ,- 79.8642 ,- 115.8905 ,- 100.7409 ,- 121.4368 ,- 125.2571 ,- 125.2735 ,- 124.0768 ,- 121.4828 ,- 112.6916 ,- 100.0603 ,- 84.3847 ,- 70.6094 ,- 83.9935 ,- 157.2067 ,- 154.0176 ,- 145.3809 ,- 142.1294 ,- 143.6187 ,- 146.2751 ,- 143.4938 ,- 139.0587 ,- 134.7453 ,- 126.9009 ,- 105.4620 ,- 88.8263 ,- 73.3907 ,- 98.7222 , 31.8115 ,- 66.7562 ,
04-01-2022 ,12:25:42 ,       11574.202, 250  ,           10  , 32  , 111  , 30.1776 ,- 41.6745 ,- 97.6998 ,- 75.9189 ,- 114.0099 ,- 98.6696 ,- 119.6581 ,- 123.7645 ,- 124.2083 ,- 122.9787 ,- 120.6806 ,- 112.6916 ,- 99.6625 ,- 85.7688 ,- 72.6050 ,- 94.4483 ,- 164.2719 ,- 157.8215 ,- 147.3305 ,- 142.4779 ,- 142.7672 ,- 144.9009 ,- 142.1984 ,- 138.0921 ,- 133.6801 ,- 123.9551 ,- 103.6801 ,- 88.2379 ,- 71.9343 ,- 95.0499 , 30.3255 ,- 67.1409 ,
04-01-2022 ,12:25:42 ,       11574.718, 250  ,           10  , 32  , 111  , 37.2000 ,- 50.1304 ,- 108.3518 ,- 81.3074 ,- 116.0910 ,- 101.2340 ,- 121.2395 ,- 124.8560 ,- 124.8855 ,- 123.6790 ,- 120.8812 ,- 112.3957 ,- 98.1699 ,- 83.7929 ,- 69.3732 ,- 81.0642 ,- 154.5568 ,- 152.0220 ,- 143.8225 ,- 140.5480 ,- 141.8203 ,- 144.3124 ,- 141.6034 ,- 137.0269 ,- 132.7102 ,- 124.0505 ,- 103.4894 ,- 87.5540 ,- 72.2072 ,- 99.7151 , 33.0017 ,- 66.1841 ,
04-01-2022 ,12:25:43 ,       11575.232, 250  ,           10  , 32  , 111  , 37.1014 ,- 44.2422 ,- 102.4012 ,- 78.3222 ,- 114.2072 ,- 99.1628 ,- 119.5595 ,- 123.4653 ,- 123.6264 ,- 122.3803 ,- 119.8784 ,- 111.5080 ,- 98.3705 ,- 84.2861 ,- 70.5140 ,- 91.0291 ,- 163.5847 ,- 158.1075 ,- 148.0143 ,- 143.3557 ,- 143.8061 ,- 146.2751 ,- 143.1946 ,- 138.7694 ,- 134.3573 ,- 124.2412 ,- 104.8044 ,- 89.1189 ,- 73.3907 ,- 96.8384 , 32.2093 ,- 67.0455 ,
04-01-2022 ,12:25:43 ,       11575.697, 250  ,           10  , 32  , 111  , 35.0236 ,- 39.9650 ,- 97.3875 ,- 75.9189 ,- 113.8127 ,- 98.4724 ,- 119.6581 ,- 123.9617 ,- 124.2083 ,- 123.2812 ,- 120.5820 ,- 112.0998 ,- 98.7683 ,- 84.9798 ,- 71.0828 ,- 98.8439 ,- 170.1634 ,- 161.9080 ,- 150.1579 ,- 144.2302 ,- 143.1453 ,- 144.9009 ,- 141.5047 ,- 137.0269 ,- 132.1283 ,- 123.2910 ,- 102.8318 ,- 86.5776 ,- 71.9343 ,- 94.7540 , 30.4241 ,- 66.1841 ,
04-01-2022 ,12:25:44 ,       11576.213, 250  ,           10  , 32  , 111  , 34.1326 ,- 47.1847 ,- 103.3381 ,- 78.4209 ,- 113.3195 ,- 98.7683 ,- 118.7705 ,- 122.4691 ,- 122.6598 ,- 121.3842 ,- 118.7771 ,- 110.7157 ,- 98.2718 ,- 83.6943 ,- 69.6592 ,- 82.2346 ,- 152.5941 ,- 149.5497 ,- 141.1924 ,- 138.0067 ,- 139.9299 ,- 142.3464 ,- 139.7130 ,- 135.2845 ,- 131.1617 ,- 121.8675 ,- 102.1743 ,- 86.8702 ,- 71.4806 ,- 96.4406 , 31.0192 ,- 65.3195 ,
04-01-2022 ,12:25:44 ,       11576.728, 250  ,           10  , 32  , 111  , 35.7140 ,- 45.2877 ,- 102.4012 ,- 77.7469 ,- 112.8231 ,- 98.2751 ,- 117.8828 ,- 121.4729 ,- 121.8839 ,- 120.5853 ,- 117.7743 ,- 109.4335 ,- 95.9836 ,- 82.1096 ,- 68.7091 ,- 83.4083 ,- 154.4582 ,- 150.5952 ,- 141.6790 ,- 138.0954 ,- 139.1738 ,- 141.9551 ,- 138.8187 ,- 134.9951 ,- 130.5798 ,- 122.3409 ,- 101.6121 ,- 85.9891 ,- 70.8428 ,- 96.1414 , 32.4066 ,- 64.1721 ,
04-01-2022 ,12:25:45 ,       11577.242, 250  ,           10  , 32  , 111  , 38.1896 ,- 43.9562 ,- 103.0258 ,- 78.9962 ,- 114.7036 ,- 100.2477 ,- 120.2499 ,- 123.8631 ,- 123.8203 ,- 122.5809 ,- 119.8784 ,- 111.4094 ,- 97.5748 ,- 83.2965 ,- 69.2778 ,- 85.6570 ,- 157.0127 ,- 152.9721 ,- 143.5299 ,- 139.6735 ,- 140.8735 ,- 143.1321 ,- 140.7091 ,- 136.2543 ,- 132.3223 ,- 122.8176 ,- 103.6801 ,- 87.6526 ,- 72.1151 ,- 97.4335 , 29.6318 ,- 65.1288 ,
04-01-2022 ,12:25:45 ,       11577.708, 250  ,           10  , 32  , 111  , 36.3091 ,- 48.6115 ,- 106.0538 ,- 79.9595 ,- 114.6050 ,- 99.7546 ,- 119.4609 ,- 123.1661 ,- 123.4324 ,- 122.0812 ,- 119.1781 ,- 111.0149 ,- 98.8669 ,- 82.9020 ,- 69.2778 ,- 79.6965 ,- 151.6143 ,- 149.7371 ,- 141.9716 ,- 139.0587 ,- 140.8735 ,- 144.0165 ,- 140.8077 ,- 137.1223 ,- 132.4209 ,- 124.4318 ,- 103.1146 ,- 87.7513 ,- 72.3880 ,- 98.3277 , 30.0263 ,- 65.6088 ,
04-01-2022 ,12:25:46 ,       11578.222, 250  ,           10  , 32  , 111  , 38.6828 ,- 44.4296 ,- 103.2362 ,- 78.8055 ,- 114.1086 ,- 99.4587 ,- 119.5595 ,- 123.1661 ,- 123.2384 ,- 121.9825 ,- 119.2768 ,- 111.1135 ,- 96.7792 ,- 83.1979 ,- 68.9918 ,- 87.0247 ,- 159.4653 ,- 154.6817 ,- 145.0916 ,- 140.8998 ,- 141.7283 ,- 143.9179 ,- 141.5047 ,- 136.9316 ,- 132.9042 ,- 123.6691 ,- 104.7124 ,- 88.0439 ,- 72.7529 ,- 97.0357 , 30.2269 ,- 65.8948 ,
04-01-2022 ,12:25:46 ,       11578.736, 250  ,           10  , 32  , 111  , 34.4318 ,- 49.1803 ,- 105.5310 ,- 79.4795 ,- 114.3058 ,- 99.7546 ,- 119.4609 ,- 123.2647 ,- 123.3371 ,- 122.1831 ,- 119.6779 ,- 111.6066 ,- 98.2718 ,- 84.2861 ,- 70.1326 ,- 85.1672 ,- 158.5809 ,- 155.3491 ,- 146.2587 ,- 142.5667 ,- 143.2406 ,- 145.6867 ,- 142.0998 ,- 137.8982 ,- 132.8088 ,- 124.3365 ,- 103.9595 ,- 87.3600 ,- 73.2066 ,- 97.9299 , 30.5228 ,- 65.7041 ,
04-01-2022 ,12:25:47 ,       11579.251, 250  ,           10  , 32  , 111  , 37.9923 ,- 47.4707 ,- 105.4258 ,- 79.7688 ,- 114.1086 ,- 99.6559 ,- 119.1650 ,- 122.7683 ,- 122.8505 ,- 121.5814 ,- 119.0762 ,- 110.8143 ,- 96.8779 ,- 83.4937 ,- 69.9452 ,- 85.9464 ,- 158.9721 ,- 154.3957 ,- 144.7957 ,- 140.4625 ,- 141.2549 ,- 143.2308 ,- 140.6105 ,- 136.0603 ,- 132.0329 ,- 122.6269 ,- 103.0225 ,- 87.9453 ,- 72.0231 ,- 97.8313 , 30.4241 ,- 66.1841 ,
04-01-2022 ,12:25:47 ,       11579.717, 250  ,           10  , 32  , 111  , 37.9923 ,- 49.9398 ,- 109.1869 ,- 81.6921 ,- 116.4855 ,- 101.6285 ,- 121.3382 ,- 124.9579 ,- 124.8855 ,- 123.5770 ,- 120.7825 ,- 112.3957 ,- 100.1590 ,- 83.5957 ,- 70.1326 ,- 81.4521 ,- 153.4751 ,- 150.3091 ,- 141.6790 ,- 138.2697 ,- 139.7425 ,- 142.5436 ,- 139.4138 ,- 135.6724 ,- 130.9677 ,- 123.2910 ,- 102.1743 ,- 86.9688 ,- 72.5688 ,- 100.7080 , 29.9277 ,- 66.6609 ,
04-01-2022 ,12:25:48 ,       11580.231, 250  ,           10  , 32  , 111  , 37.2986 ,- 49.0850 ,- 108.3518 ,- 81.7907 ,- 116.4855 ,- 101.8258 ,- 121.4368 ,- 124.8560 ,- 124.5962 ,- 123.1792 ,- 120.1809 ,- 112.0012 ,- 98.7683 ,- 84.2861 ,- 70.2280 ,- 86.2422 ,- 159.8565 ,- 155.9179 ,- 146.7453 ,- 142.7409 ,- 143.8061 ,- 145.8806 ,- 143.4938 ,- 138.6708 ,- 134.8406 ,- 125.9508 ,- 105.9321 ,- 89.9014 ,- 74.3902 ,- 100.1129 , 30.5228 ,- 67.9069 ,
04-01-2022 ,12:25:48 ,       11580.746, 250  ,           10  , 32  , 111  , 34.9249 ,- 44.4296 ,- 102.2927 ,- 78.4209 ,- 115.7918 ,- 100.2477 ,- 121.3382 ,- 125.4543 ,- 126.0494 ,- 124.7771 ,- 122.3836 ,- 114.2729 ,- 101.3524 ,- 86.1666 ,- 72.7003 ,- 91.6143 ,- 164.2719 ,- 158.7716 ,- 148.5995 ,- 143.7930 ,- 143.9014 ,- 146.4724 ,- 143.0960 ,- 139.2527 ,- 134.1634 ,- 125.0006 ,- 104.2422 ,- 88.6291 ,- 73.1178 ,- 97.5321 , 30.4241 ,- 67.9069 ,
04-01-2022 ,12:25:49 ,       11581.211, 250  ,           10  , 32  , 111  , 36.2104 ,- 45.6658 ,- 104.1732 ,- 79.7688 ,- 116.4855 ,- 101.1354 ,- 122.0286 ,- 125.7535 ,- 125.7568 ,- 124.5765 ,- 121.7853 ,- 113.3853 ,- 100.5568 ,- 86.0680 ,- 71.7502 ,- 89.5628 ,- 162.9009 ,- 158.1995 ,- 148.6949 ,- 144.4965 ,- 145.2264 ,- 147.3535 ,- 144.8845 ,- 140.1239 ,- 136.0998 ,- 127.7557 ,- 106.1195 ,- 89.9014 ,- 73.5715 ,- 98.4264 , 30.5228 ,- 68.2883 ,
04-01-2022 ,12:25:49 ,       11581.727, 250  ,           10  , 32  , 111  , 36.0132 ,- 47.0893 ,- 105.3239 ,- 80.1535 ,- 116.3869 ,- 101.2340 ,- 121.7327 ,- 125.4543 ,- 125.8554 ,- 124.2773 ,- 121.5847 ,- 113.2866 ,- 102.4472 ,- 84.9798 ,- 71.2735 ,- 86.8274 ,- 160.1524 ,- 156.2039 ,- 147.1365 ,- 143.1814 ,- 144.0889 ,- 146.8636 ,- 143.3919 ,- 139.5420 ,- 134.3573 ,- 126.3321 ,- 104.1469 ,- 88.6291 ,- 73.1178 ,- 99.1201 , 33.3995 ,- 67.9069 ,
04-01-2022 ,12:25:50 ,       11582.241, 250  ,           10  , 32  , 111  , 36.5063 ,- 49.0850 ,- 107.8291 ,- 81.5014 ,- 116.6828 ,- 102.0231 ,- 122.0286 ,- 125.6516 ,- 125.5628 ,- 124.3760 ,- 121.5847 ,- 113.1880 ,- 99.8631 ,- 85.2757 ,- 71.0828 ,- 86.1436 ,- 159.5606 ,- 156.1086 ,- 147.1365 ,- 143.5299 ,- 144.6576 ,- 147.0609 ,- 144.5886 ,- 139.8313 ,- 136.0998 ,- 127.1869 ,- 107.2472 ,- 90.6806 ,- 74.5743 ,- 100.2116 , 30.6214 ,- 68.2883 ,
04-01-2022 ,12:25:50 ,       11582.755, 250  ,           10  , 32  , 111  , 34.0340 ,- 45.0017 ,- 102.7135 ,- 78.9009 ,- 116.3869 ,- 100.8395 ,- 121.8313 ,- 125.7535 ,- 126.3387 ,- 125.1749 ,- 122.5875 ,- 114.3716 ,- 101.4510 ,- 86.3639 ,- 72.9863 ,- 89.6614 ,- 161.8193 ,- 156.9634 ,- 147.3305 ,- 143.0927 ,- 143.8061 ,- 146.3738 ,- 142.9973 ,- 139.2527 ,- 134.0680 ,- 125.2866 ,- 104.4296 ,- 88.8263 ,- 73.2066 ,- 98.0285 , 30.7200 ,- 67.8115 ,
04-01-2022 ,12:25:51 ,       11583.22, 250  ,            10  , 32  , 111  , 37.3973 ,- 50.3211 ,- 109.7096 ,- 82.3661 ,- 117.2779 ,- 102.4176 ,- 122.5217 ,- 125.9508 ,- 125.9508 ,- 124.5765 ,- 121.4828 ,- 113.0894 ,- 99.8631 ,- 84.8811 ,- 70.7047 ,- 80.9655 ,- 154.0669 ,- 151.9267 ,- 143.5299 ,- 140.5480 ,- 142.3891 ,- 144.9995 ,- 142.4976 ,- 137.8982 ,- 134.1634 ,- 125.9508 ,- 104.8998 ,- 89.0203 ,- 73.8444 ,- 101.0039 , 32.2093 ,- 66.8515 ,
04-01-2022 ,12:25:51 ,       11583.735, 250  ,           10  , 32  , 111  , 36.1118 ,- 42.9107 ,- 101.2505 ,- 77.8422 ,- 114.9995 ,- 99.5573 ,- 120.5491 ,- 124.4614 ,- 124.9809 ,- 123.7776 ,- 121.3842 ,- 113.0894 ,- 99.7611 ,- 85.7688 ,- 71.5595 ,- 93.7644 ,- 166.3332 ,- 160.3891 ,- 149.8653 ,- 144.9338 ,- 144.6576 ,- 147.2549 ,- 143.7930 ,- 139.7360 ,- 134.8406 ,- 125.1913 ,- 104.2422 ,- 88.2379 ,- 72.2072 ,- 96.7365 , 32.3080 ,- 67.2362 ,
04-01-2022 ,12:25:52 ,       11584.25, 250  ,            10  , 32  , 111  , 31.1671 ,- 48.7989 ,- 106.7836 ,- 81.0181 ,- 117.9716 ,- 102.6116 ,- 123.4127 ,- 127.0455 ,- 127.2099 ,- 125.7732 ,- 123.1891 ,- 114.6675 ,- 101.4510 ,- 86.1666 ,- 72.6050 ,- 89.9540 ,- 161.4280 ,- 157.3447 ,- 148.4023 ,- 144.5820 ,- 145.6965 ,- 147.9420 ,- 145.4828 ,- 140.4132 ,- 136.4910 ,- 127.9464 ,- 106.9677 ,- 90.9765 ,- 75.3929 ,- 100.2116 , 29.3326 ,- 68.7683 ,
04-01-2022 ,12:25:52 ,       11584.766, 250  ,           10  , 32  , 111  , 37.2000 ,- 42.0559 ,- 102.0855 ,- 79.0948 ,- 117.3765 ,- 101.7272 ,- 123.0182 ,- 127.1475 ,- 127.5025 ,- 126.1710 ,- 123.6888 ,- 115.0653 ,- 102.2466 ,- 87.9453 ,- 73.9365 ,- 98.6499 ,- 171.3404 ,- 163.6209 ,- 152.1075 ,- 146.3376 ,- 145.7919 ,- 147.8466 ,- 144.3880 ,- 140.3146 ,- 135.3272 ,- 126.1414 ,- 105.0872 ,- 89.1189 ,- 72.8450 ,- 98.6236 , 31.5156 ,- 68.3836 ,
04-01-2022 ,12:25:53 ,       11585.23, 250  ,            10  , 32  , 111  , 38.0910 ,- 48.5162 ,- 108.1414 ,- 81.7907 ,- 117.1792 ,- 102.2203 ,- 122.5217 ,- 126.1513 ,- 126.1447 ,- 124.8757 ,- 121.8839 ,- 113.1880 ,- 100.0603 ,- 84.1874 ,- 70.7047 ,- 84.2861 ,- 157.5979 ,- 154.3036 ,- 145.3809 ,- 142.0406 ,- 143.5234 ,- 146.0779 ,- 143.3919 ,- 138.6708 ,- 134.9393 ,- 126.8055 ,- 106.3102 ,- 89.7042 ,- 74.4822 ,- 100.3102 , 30.3255 ,- 67.7162 ,
04-01-2022 ,12:25:53 ,       11585.745, 250  ,           10  , 32  , 111  , 37.8904 ,- 50.5118 ,- 109.6044 ,- 81.8861 ,- 116.7814 ,- 102.2203 ,- 122.1272 ,- 125.5529 ,- 125.5628 ,- 124.3760 ,- 121.4828 ,- 113.1880 ,- 101.3524 ,- 84.6806 ,- 70.6094 ,- 82.0406 ,- 155.7338 ,- 153.0675 ,- 144.7003 ,- 141.5146 ,- 143.2406 ,- 145.9793 ,- 143.1946 ,- 139.1541 ,- 134.6499 ,- 125.4773 ,- 105.2746 ,- 89.1189 ,- 73.4795 ,- 100.9053 , 30.2269 ,- 67.8115 ,
04-01-2022 ,12:25:54 ,       11586.26, 250  ,            10  , 32  , 111  , 36.7036 ,- 47.1847 ,- 105.2187 ,- 79.9595 ,- 115.5946 ,- 100.5436 ,- 120.8450 ,- 124.6587 ,- 124.4976 ,- 123.1792 ,- 120.3781 ,- 111.9025 ,- 98.7683 ,- 83.0006 ,- 69.4685 ,- 84.3847 ,- 156.1283 ,- 152.4954 ,- 143.2373 ,- 139.6735 ,- 140.6861 ,- 143.0335 ,- 140.4099 ,- 135.7710 ,- 131.8390 ,- 123.8631 ,- 103.5847 ,- 87.5540 ,- 72.6609 ,- 98.3277 , 30.5228 ,- 66.1841 ,
04-01-2022 ,12:25:54 ,       11586.726, 250  ,           10  , 32  , 111  , 38.2882 ,- 46.0471 ,- 103.7557 ,- 78.5162 ,- 113.2176 ,- 98.8669 ,- 118.4746 ,- 122.2686 ,- 122.4658 ,- 121.2855 ,- 118.6751 ,- 110.4198 ,- 97.1770 ,- 83.0992 ,- 69.6592 ,- 81.9420 ,- 154.1623 ,- 150.5952 ,- 141.9716 ,- 138.2697 ,- 139.3612 ,- 142.0538 ,- 139.0193 ,- 134.8045 ,- 130.5798 ,- 121.0094 ,- 101.0466 ,- 85.9891 ,- 70.2050 ,- 97.0357 , 29.8291 ,- 65.4148 ,
04-01-2022 ,12:25:55 ,       11587.24, 250  ,            10  , 32  , 111  , 35.7140 ,- 44.6203 ,- 101.6680 ,- 77.5529 ,- 113.0203 ,- 98.1765 ,- 118.3760 ,- 122.2686 ,- 122.3672 ,- 121.1836 ,- 118.4746 ,- 110.0253 ,- 97.1770 ,- 81.9124 ,- 68.1370 ,- 80.9655 ,- 151.1212 ,- 148.5995 ,- 140.5086 ,- 137.6549 ,- 139.5518 ,- 142.2510 ,- 139.9135 ,- 135.5771 ,- 131.5464 ,- 123.5770 ,- 104.4296 ,- 87.0674 ,- 72.2992 ,- 95.6483 , 32.5052 ,- 64.7474 ,
04-01-2022 ,12:25:55 ,       11587.754, 250  ,           10  , 32  , 111  , 37.2986 ,- 44.8110 ,- 102.5031 ,- 78.0362 ,- 113.1190 ,- 98.4724 ,- 118.3760 ,- 121.9727 ,- 122.1732 ,- 120.9831 ,- 118.4746 ,- 110.6170 ,- 97.1770 ,- 83.7929 ,- 70.7047 ,- 88.0011 ,- 160.2478 ,- 154.9678 ,- 144.9930 ,- 140.2883 ,- 140.2127 ,- 142.4450 ,- 139.6143 ,- 135.3831 ,- 130.7738 ,- 120.9173 ,- 100.8592 ,- 85.7951 ,- 69.9321 ,- 96.3420 , 30.2269 ,- 65.7041 ,
04-01-2022 ,12:25:56 ,       11588.268, 250  ,           10  , 32  , 111  , 30.6707 ,- 40.6291 ,- 96.4472 ,- 75.4357 ,- 114.1086 ,- 98.4724 ,- 120.0527 ,- 124.3595 ,- 124.8855 ,- 123.9781 ,- 121.5847 ,- 113.0894 ,- 98.1699 ,- 85.3743 ,- 71.8455 ,- 89.8554 ,- 157.7952 ,- 152.4954 ,- 143.1420 ,- 139.3217 ,- 140.1173 ,- 142.4450 ,- 139.8149 ,- 135.4784 ,- 131.3557 ,- 122.0549 ,- 102.4570 ,- 86.6762 ,- 71.5694 ,- 94.5535 , 30.6214 ,- 65.5135 ,
04-01-2022 ,12:25:56 ,       11588.731, 250  ,           10  , 32  , 111  , 35.9145 ,- 45.0017 ,- 101.8784 ,- 77.7469 ,- 112.9217 ,- 98.2751 ,- 118.3760 ,- 122.0713 ,- 122.2718 ,- 120.9831 ,- 118.3760 ,- 110.4198 ,- 98.4691 ,- 83.1979 ,- 69.3732 ,- 88.2937 ,- 160.1524 ,- 154.9678 ,- 145.2856 ,- 140.8998 ,- 141.5376 ,- 143.6253 ,- 140.6105 ,- 136.2543 ,- 131.7403 ,- 122.6269 ,- 102.6444 ,- 86.7748 ,- 71.2044 ,- 96.1414 , 31.0192 ,- 65.8948 ,
04-01-2022 ,12:25:57 ,       11589.248, 250  ,           10  , 32  , 111  , 29.7830 ,- 40.6291 ,- 98.2225 ,- 77.1683 ,- 116.8801 ,- 100.7409 ,- 122.4231 ,- 126.6477 ,- 127.2099 ,- 126.0724 ,- 123.4883 ,- 114.7661 ,- 100.2576 ,- 87.4521 ,- 73.5551 ,- 95.2307 ,- 161.3294 ,- 154.2083 ,- 143.5299 ,- 138.5327 ,- 138.7003 ,- 140.9721 ,- 138.0231 ,- 133.9332 ,- 129.2220 ,- 121.0094 ,- 101.6121 ,- 86.1863 ,- 71.5694 ,- 96.5392 , 29.9277 ,- 65.7995 ,
