04-01-2022 ,12:32:23 ,       11975.277, 250  ,           10  , 32  , 111  , 14.1469 ,- 115.6110 ,- 181.2593 ,- 121.3579 ,- 145.1113 ,- 133.4861 ,- 145.4467 ,- 145.1738 ,- 142.2379 ,- 138.5590 ,- 133.3283 ,- 119.8160 ,- 99.8729 ,- 84.7759 ,- 67.9529 ,- 18.4570 ,- 78.1973 ,- 90.6937 ,- 93.7381 ,- 100.0768 ,- 112.5962 ,- 118.3858 ,- 118.6225 ,- 117.0050 ,- 115.5650 ,- 109.5222 ,- 98.3310 ,- 85.1113 ,- 72.9567 ,- 143.9738 , 30.7266 ,- 66.8581 ,
04-01-2022 ,12:32:23 ,       11975.742, 250  ,           10  , 32  , 111  , 16.2247 ,- 114.4702 ,- 180.5261 ,- 121.0653 ,- 146.1995 ,- 133.6834 ,- 146.8275 ,- 147.2647 ,- 144.4669 ,- 141.1530 ,- 136.0373 ,- 123.1727 ,- 102.0592 ,- 86.1600 ,- 68.7157 ,- 18.6510 ,- 79.7688 ,- 92.0253 ,- 94.8132 ,- 100.7803 ,- 112.9743 ,- 118.9743 ,- 118.7212 ,- 117.5836 ,- 115.3710 ,- 110.1864 ,- 97.9562 ,- 85.0126 ,- 73.1376 ,- 143.9738 , 32.5085 ,- 67.0488 ,
04-01-2022 ,12:32:24 ,       11976.258, 250  ,           10  , 32  , 111  , 17.1123 ,- 111.6198 ,- 177.9157 ,- 120.2960 ,- 145.2099 ,- 133.0916 ,- 146.0384 ,- 146.4691 ,- 143.4017 ,- 139.7557 ,- 134.7321 ,- 121.7918 ,- 100.7672 ,- 85.5683 ,- 68.5250 ,- 19.4334 ,- 79.7688 ,- 91.7392 ,- 94.6159 ,- 100.6028 ,- 113.1617 ,- 118.9743 ,- 119.3195 ,- 117.8729 ,- 116.4362 ,- 110.6598 ,- 99.0839 ,- 86.2817 ,- 73.2296 ,- 142.7836 , 31.4203 ,- 67.2395 ,
04-01-2022 ,12:32:24 ,       11976.772, 250  ,           10  , 32  , 111  , 16.7178 ,- 110.8603 ,- 176.8702 ,- 119.3327 ,- 144.6149 ,- 132.2039 ,- 145.2461 ,- 145.4730 ,- 142.9184 ,- 139.2560 ,- 134.2324 ,- 121.1968 ,- 100.4713 ,- 84.7759 ,- 67.9529 ,- 21.0937 ,- 80.8472 ,- 92.3113 ,- 94.6159 ,- 99.8138 ,- 111.3666 ,- 117.2088 ,- 116.7321 ,- 115.8444 ,- 113.4346 ,- 108.0954 ,- 95.9836 ,- 83.6450 ,- 72.4998 ,- 142.1886 , 30.6247 ,- 66.0921 ,
04-01-2022 ,12:32:25 ,       11977.287, 250  ,           10  , 32  , 111  , 21.8597 ,- 105.5409 ,- 171.6494 ,- 117.2154 ,- 143.5267 ,- 131.0203 ,- 144.9502 ,- 145.6735 ,- 142.7245 ,- 139.2560 ,- 134.4330 ,- 121.3940 ,- 101.1683 ,- 85.0718 ,- 68.5250 ,- 25.0981 ,- 86.2455 ,- 96.0198 ,- 97.4433 ,- 102.2696 ,- 114.1086 ,- 119.1716 ,- 119.8160 ,- 117.7776 ,- 116.3409 ,- 110.4691 ,- 98.4264 ,- 85.5025 ,- 72.8647 ,- 139.2132 , 30.2302 ,- 66.0921 ,
04-01-2022 ,12:32:25 ,       11977.751, 250  ,           10  , 32  , 111  , 19.8806 ,- 105.4455 ,- 173.0072 ,- 118.6587 ,- 146.7946 ,- 133.7820 ,- 148.0110 ,- 148.4582 ,- 145.9201 ,- 142.4516 ,- 137.5398 ,- 125.0499 ,- 104.0483 ,- 88.0406 ,- 71.3754 ,- 26.5611 ,- 85.5584 ,- 94.9710 ,- 96.2729 ,- 100.8658 ,- 112.2181 ,- 118.0899 ,- 117.7283 ,- 116.7124 ,- 114.2072 ,- 109.2362 ,- 96.7365 ,- 84.1348 ,- 72.3189 ,- 141.6921 , 29.5365 ,- 66.6674 ,
04-01-2022 ,12:32:26 ,       11978.267, 250  ,           10  , 32  , 111  , 19.2888 ,- 108.9601 ,- 176.0352 ,- 119.7206 ,- 146.0023 ,- 133.4861 ,- 147.0247 ,- 147.2647 ,- 144.3683 ,- 141.0543 ,- 136.0373 ,- 122.8768 ,- 101.2669 ,- 85.6669 ,- 68.6170 ,- 24.4143 ,- 84.9699 ,- 95.6384 ,- 97.4433 ,- 102.3584 ,- 113.7305 ,- 118.9743 ,- 119.3195 ,- 117.1957 ,- 115.8576 ,- 109.9957 ,- 98.3310 ,- 85.9891 ,- 73.2296 ,- 142.0899 , 31.1211 ,- 67.3348 ,
04-01-2022 ,12:32:26 ,       11978.781, 250  ,           10  , 32  , 111  , 18.8943 ,- 110.3869 ,- 176.6631 ,- 119.5266 ,- 145.1113 ,- 132.5984 ,- 146.0384 ,- 146.4691 ,- 144.0790 ,- 140.3540 ,- 135.5376 ,- 122.7781 ,- 101.4642 ,- 85.9628 ,- 68.9031 ,- 21.2910 ,- 81.8302 ,- 92.9754 ,- 95.2965 ,- 100.7803 ,- 112.7836 ,- 118.4844 ,- 118.0275 ,- 117.0050 ,- 114.5951 ,- 108.7595 ,- 96.7365 ,- 84.2302 ,- 71.4083 ,- 142.0899 , 29.9310 ,- 66.2828 ,
04-01-2022 ,12:32:27 ,       11979.246, 250  ,           10  , 32  , 111  , 19.0915 ,- 106.0143 ,- 171.1267 ,- 116.4461 ,- 142.7343 ,- 130.3299 ,- 144.1612 ,- 144.4768 ,- 141.9486 ,- 138.5590 ,- 133.6308 ,- 120.5064 ,- 100.7672 ,- 84.9732 ,- 68.2389 ,- 25.5847 ,- 86.0483 ,- 96.0198 ,- 97.3447 ,- 102.2696 ,- 113.6351 ,- 118.6784 ,- 119.1190 ,- 117.0050 ,- 115.6603 ,- 109.8050 ,- 98.5217 ,- 85.1113 ,- 73.1376 ,- 138.6149 , 30.5260 ,- 65.9967 ,
04-01-2022 ,12:32:27 ,       11979.762, 250  ,           10  , 32  , 111  , 8.5085 ,- 116.9425 ,- 181.0489 ,- 121.1639 ,- 145.6045 ,- 133.9792 ,- 146.3343 ,- 146.3705 ,- 143.7897 ,- 139.9562 ,- 134.9360 ,- 121.8905 ,- 101.5628 ,- 85.8642 ,- 68.9031 ,- 20.0186 ,- 78.9863 ,- 91.9299 ,- 94.8132 ,- 100.6916 ,- 112.7836 ,- 118.7771 ,- 118.3233 ,- 117.2943 ,- 115.0784 ,- 109.5222 ,- 97.0159 ,- 84.9140 ,- 73.6833 ,- 143.9738 , 31.0225 ,- 67.4335 ,
04-01-2022 ,12:32:28 ,       11980.276, 250  ,           10  , 32  , 111  , 10.0899 ,- 115.1376 ,- 179.4807 ,- 120.2006 ,- 145.0127 ,- 132.8943 ,- 145.1475 ,- 145.2724 ,- 142.1425 ,- 138.6576 ,- 133.4302 ,- 119.5168 ,- 99.5770 ,- 83.9836 ,- 67.6669 ,- 17.9671 ,- 75.6494 ,- 88.7935 ,- 92.4724 ,- 99.0247 ,- 111.4620 ,- 116.8143 ,- 117.2318 ,- 115.6505 ,- 114.3058 ,- 109.2362 ,- 97.2987 ,- 84.2302 ,- 73.3217 ,- 142.9809 , 30.5260 ,- 66.2828 ,
04-01-2022 ,12:32:28 ,       11980.791, 250  ,           10  , 32  , 111  , 20.6729 ,- 104.8735 ,- 170.9163 ,- 116.6401 ,- 143.0335 ,- 130.6258 ,- 144.0625 ,- 144.3782 ,- 141.6593 ,- 138.3584 ,- 133.6308 ,- 121.6899 ,- 100.1721 ,- 84.9732 ,- 68.1436 ,- 26.0745 ,- 85.4598 ,- 94.9710 ,- 96.1776 ,- 100.6916 ,- 111.6494 ,- 117.2088 ,- 116.7321 ,- 115.7458 ,- 113.2406 ,- 107.4313 ,- 95.9836 ,- 83.7436 ,- 70.9546 ,- 139.0127 , 30.2302 ,- 66.9535 ,
04-01-2022 ,12:32:29 ,       11981.256, 250  ,           10  , 32  , 111  , 14.3441 ,- 108.4866 ,- 173.0072 ,- 117.5047 ,- 143.8225 ,- 131.1190 ,- 144.5557 ,- 144.8779 ,- 142.0472 ,- 138.4603 ,- 133.7327 ,- 121.6899 ,- 99.6757 ,- 84.6773 ,- 67.8576 ,- 21.4849 ,- 79.8674 ,- 91.3611 ,- 93.7381 ,- 99.3765 ,- 111.1759 ,- 116.4231 ,- 116.9327 ,- 115.0686 ,- 113.6286 ,- 108.2861 ,- 97.2033 ,- 84.1348 ,- 72.2269 ,- 139.7064 , 31.5189 ,- 65.8028 ,
04-01-2022 ,12:32:29 ,       11981.771, 250  ,           10  , 32  , 111  , 14.9359 ,- 114.2795 ,- 180.5261 ,- 121.1639 ,- 145.9036 ,- 133.7820 ,- 146.6302 ,- 146.7650 ,- 144.2729 ,- 140.3540 ,- 135.3338 ,- 122.0877 ,- 101.9606 ,- 86.4592 ,- 69.4751 ,- 19.8247 ,- 79.8674 ,- 91.6439 ,- 94.3233 ,- 99.9913 ,- 111.8401 ,- 117.6987 ,- 117.4291 ,- 116.4231 ,- 114.3058 ,- 108.2861 ,- 95.7042 ,- 83.9376 ,- 72.2269 ,- 144.0757 , 30.7266 ,- 66.5688 ,
04-01-2022 ,12:32:30 ,       11982.286, 250  ,           10  , 32  , 111  , 23.4411 ,- 103.7327 ,- 171.2319 ,- 117.5047 ,- 144.9108 ,- 131.8094 ,- 146.3343 ,- 146.8669 ,- 143.8850 ,- 140.4560 ,- 135.5376 ,- 122.9754 ,- 101.1683 ,- 85.5683 ,- 68.5250 ,- 25.7819 ,- 85.7557 ,- 95.3524 ,- 96.7595 ,- 101.3918 ,- 112.6916 ,- 118.0899 ,- 118.2247 ,- 116.4231 ,- 114.9831 ,- 109.8050 ,- 98.0516 ,- 85.5025 ,- 73.1376 ,- 139.6077 , 31.5189 ,- 66.2828 ,
04-01-2022 ,12:32:30 ,       11982.802, 250  ,           10  , 32  , 111  , 21.5638 ,- 102.5951 ,- 167.8883 ,- 114.6181 ,- 141.4456 ,- 128.8505 ,- 142.4812 ,- 143.1847 ,- 140.5941 ,- 137.2603 ,- 132.5261 ,- 121.1968 ,- 99.8729 ,- 84.9732 ,- 69.0937 ,- 25.8773 ,- 86.2455 ,- 95.9244 ,- 97.1507 ,- 101.6548 ,- 112.5009 ,- 117.8960 ,- 117.5277 ,- 116.2291 ,- 114.0165 ,- 107.8094 ,- 96.2663 ,- 83.1551 ,- 70.1359 ,- 137.2275 , 30.8252 ,- 65.8028 ,
04-01-2022 ,12:32:31 ,       11983.267, 250  ,           10  , 32  , 111  , 18.4964 ,- 109.0554 ,- 176.0352 ,- 119.6220 ,- 146.0023 ,- 133.3875 ,- 146.8275 ,- 146.7650 ,- 143.6910 ,- 140.5546 ,- 135.5376 ,- 123.0740 ,- 100.6685 ,- 85.1705 ,- 68.3343 ,- 24.4143 ,- 84.3814 ,- 94.5929 ,- 95.9803 ,- 100.7803 ,- 111.5540 ,- 116.7157 ,- 116.8340 ,- 114.9732 ,- 113.2406 ,- 108.3814 ,- 96.4538 ,- 83.9376 ,- 72.0461 ,- 142.3858 , 31.3217 ,- 66.1874 ,
04-01-2022 ,12:32:31 ,       11983.781, 250  ,           10  , 32  , 111  , 20.9688 ,- 109.6242 ,- 177.0806 ,- 120.2006 ,- 146.5941 ,- 133.5847 ,- 147.3206 ,- 147.7612 ,- 145.0488 ,- 141.5508 ,- 136.6390 ,- 123.7645 ,- 102.4603 ,- 86.6565 ,- 69.1891 ,- 24.2170 ,- 85.6570 ,- 96.0198 ,- 97.7359 ,- 102.7957 ,- 114.1086 ,- 119.6614 ,- 119.5168 ,- 118.2609 ,- 115.9529 ,- 109.8050 ,- 98.4264 ,- 84.9140 ,- 72.5918 ,- 142.9809 , 30.4274 ,- 67.8148 ,
04-01-2022 ,12:32:32 ,       11984.296, 250  ,           10  , 32  , 111  , 18.6937 ,- 107.5332 ,- 173.6319 ,- 118.0834 ,- 145.0127 ,- 132.2039 ,- 146.1371 ,- 146.5677 ,- 143.8850 ,- 140.3540 ,- 135.4357 ,- 123.0740 ,- 101.1683 ,- 85.6669 ,- 68.9031 ,- 25.8773 ,- 85.9529 ,- 95.9244 ,- 97.5387 ,- 102.6181 ,- 113.8258 ,- 119.1716 ,- 119.2209 ,- 117.3896 ,- 115.4664 ,- 110.3770 ,- 98.5217 ,- 84.9140 ,- 73.1376 ,- 140.7979 , 31.1211 ,- 67.4335 ,
04-01-2022 ,12:32:32 ,       11984.762, 250  ,           10  , 32  , 111  , 18.2006 ,- 107.9146 ,- 173.8423 ,- 118.2773 ,- 145.0127 ,- 132.4998 ,- 146.1371 ,- 146.5677 ,- 143.8850 ,- 140.6532 ,- 135.7382 ,- 123.1727 ,- 102.1611 ,- 86.8537 ,- 69.9518 ,- 25.2954 ,- 86.5414 ,- 97.0620 ,- 98.8077 ,- 103.9332 ,- 115.9036 ,- 121.3316 ,- 121.3086 ,- 119.7107 ,- 117.6001 ,- 111.2286 ,- 99.0839 ,- 85.7951 ,- 72.6806 ,- 141.0971 , 30.0329 ,- 67.9102 ,
04-01-2022 ,12:32:33 ,       11985.275, 250  ,           10  , 32  , 111  , 19.0915 ,- 110.2883 ,- 177.3930 ,- 120.1053 ,- 146.5941 ,- 133.7820 ,- 147.5212 ,- 148.0603 ,- 145.4368 ,- 141.9519 ,- 137.0401 ,- 123.9650 ,- 102.3584 ,- 86.8537 ,- 69.9518 ,- 24.1217 ,- 85.7557 ,- 96.6839 ,- 98.4165 ,- 103.6735 ,- 115.1475 ,- 120.7398 ,- 120.7102 ,- 118.9381 ,- 116.9195 ,- 111.5146 ,- 99.1792 ,- 86.0877 ,- 73.7754 ,- 143.2801 , 31.2197 ,- 67.7195 ,
04-01-2022 ,12:32:33 ,       11985.789, 250  ,           10  , 32  , 111  , 19.9792 ,- 109.0554 ,- 177.0806 ,- 120.4899 ,- 147.3864 ,- 134.7683 ,- 148.6061 ,- 148.7573 ,- 145.7261 ,- 142.1491 ,- 137.2406 ,- 126.1382 ,- 102.5590 ,- 87.1496 ,- 70.4252 ,- 24.9008 ,- 85.9529 ,- 96.2072 ,- 97.9299 ,- 102.7069 ,- 114.0132 ,- 119.4642 ,- 119.4181 ,- 117.7776 ,- 116.0483 ,- 109.7096 ,- 98.4264 ,- 85.7951 ,- 72.3189 ,- 143.4773 , 29.7337 ,- 68.7748 ,
04-01-2022 ,12:32:34 ,       11986.304, 250  ,           10  , 32  , 111  , 12.2663 ,- 109.6242 ,- 174.8878 ,- 119.1420 ,- 147.0905 ,- 133.8806 ,- 148.1130 ,- 148.7573 ,- 146.1140 ,- 142.7475 ,- 137.9409 ,- 125.4445 ,- 104.2455 ,- 88.2379 ,- 70.9940 ,- 25.0981 ,- 83.5957 ,- 94.4976 ,- 96.7595 ,- 102.2696 ,- 114.1086 ,- 119.7601 ,- 119.6154 ,- 118.3595 ,- 116.1469 ,- 111.1365 ,- 98.5217 ,- 85.5025 ,- 73.7754 ,- 142.0899 , 30.7266 ,- 68.3902 ,
04-01-2022 ,12:32:34 ,       11986.769, 250  ,           10  , 32  , 111  , 20.2784 ,- 108.4866 ,- 176.4527 ,- 120.2006 ,- 146.1995 ,- 133.8806 ,- 147.2220 ,- 147.2647 ,- 144.3683 ,- 140.7519 ,- 135.7382 ,- 123.3699 ,- 101.3655 ,- 85.9628 ,- 69.0937 ,- 24.0230 ,- 84.0855 ,- 94.4976 ,- 96.1776 ,- 101.2176 ,- 112.6916 ,- 118.0899 ,- 118.2247 ,- 116.8110 ,- 115.0784 ,- 108.5688 ,- 98.0516 ,- 84.8187 ,- 72.4110 ,- 142.7836 , 29.8323 ,- 67.4335 ,
04-01-2022 ,12:32:35 ,       11987.282, 250  ,           10  , 32  , 111  , 22.9480 ,- 104.5907 ,- 172.2741 ,- 118.0834 ,- 145.8050 ,- 132.5984 ,- 146.9261 ,- 147.4620 ,- 144.7562 ,- 141.4521 ,- 136.1360 ,- 123.5672 ,- 102.0592 ,- 85.9628 ,- 68.7157 ,- 26.3671 ,- 87.2285 ,- 96.5885 ,- 97.6373 ,- 102.1809 ,- 112.9743 ,- 118.4844 ,- 118.3233 ,- 116.7124 ,- 114.4998 ,- 109.4236 ,- 97.4861 ,- 83.9376 ,- 71.8620 ,- 140.4001 , 29.5365 ,- 66.4735 ,
04-01-2022 ,12:32:35 ,       11987.798, 250  ,           10  , 32  , 111  , 16.3233 ,- 109.9102 ,- 176.2456 ,- 119.5266 ,- 145.6045 ,- 133.0916 ,- 146.4330 ,- 146.4691 ,- 143.4971 ,- 139.6571 ,- 134.8340 ,- 121.5913 ,- 101.3655 ,- 85.8642 ,- 68.7157 ,- 24.9008 ,- 84.3814 ,- 94.5929 ,- 96.0790 ,- 101.0401 ,- 112.4055 ,- 117.7973 ,- 117.9255 ,- 116.3277 ,- 114.7891 ,- 108.6642 ,- 97.3940 ,- 84.8187 ,- 73.0455 ,- 142.1886 , 30.3288 ,- 67.2395 ,
04-01-2022 ,12:32:36 ,       11988.313, 250  ,           10  , 32  , 111  , 15.4323 ,- 109.7195 ,- 175.8248 ,- 119.3327 ,- 146.0023 ,- 133.0916 ,- 146.8275 ,- 147.3634 ,- 144.6609 ,- 141.3535 ,- 136.1360 ,- 123.1727 ,- 101.6614 ,- 86.1600 ,- 69.1891 ,- 23.3392 ,- 83.2044 ,- 94.4022 ,- 96.6609 ,- 102.0066 ,- 113.5398 ,- 119.1716 ,- 118.9217 ,- 117.4850 ,- 115.3710 ,- 110.2817 ,- 98.3310 ,- 85.4039 ,- 73.5025 ,- 142.2872 , 30.7266 ,- 67.6241 ,
04-01-2022 ,12:32:36 ,       11988.777, 250  ,           10  , 32  , 111  , 22.6521 ,- 101.2636 ,- 168.4111 ,- 116.3507 ,- 145.7064 ,- 131.9080 ,- 147.2220 ,- 147.9617 ,- 145.4368 ,- 141.9519 ,- 137.0401 ,- 125.8390 ,- 103.2527 ,- 87.1496 ,- 70.1392 ,- 28.7145 ,- 89.6811 ,- 98.7748 ,- 99.4883 ,- 103.7590 ,- 115.0554 ,- 120.2499 ,- 120.5129 ,- 118.6488 ,- 116.9195 ,- 110.6598 ,- 99.3666 ,- 85.9891 ,- 72.5918 ,- 138.9140 , 30.7266 ,- 67.8148 ,
04-01-2022 ,12:32:37 ,       11989.293, 250  ,           10  , 32  , 111  , 17.6088 ,- 111.0510 ,- 178.7508 ,- 121.2592 ,- 147.6823 ,- 135.0642 ,- 148.7047 ,- 149.1552 ,- 146.5973 ,- 143.1486 ,- 137.9409 ,- 125.4445 ,- 103.6505 ,- 87.8433 ,- 71.2800 ,- 25.0981 ,- 85.5584 ,- 96.2072 ,- 98.1239 ,- 103.0587 ,- 114.2960 ,- 120.0527 ,- 119.6154 ,- 118.5502 ,- 116.2423 ,- 111.2286 ,- 98.7091 ,- 85.8905 ,- 73.7754 ,- 144.3716 , 32.1140 ,- 68.3902 ,
04-01-2022 ,12:32:37 ,       11989.808, 250  ,           10  , 32  , 111  , 15.2351 ,- 116.3738 ,- 182.6171 ,- 122.8965 ,- 147.3864 ,- 135.3601 ,- 147.8171 ,- 148.0603 ,- 145.2428 ,- 141.4521 ,- 136.3398 ,- 121.9891 ,- 101.8620 ,- 85.7655 ,- 68.4296 ,- 20.7025 ,- 81.7316 ,- 93.5474 ,- 96.1776 ,- 102.0921 ,- 114.2960 ,- 119.4642 ,- 119.8160 ,- 117.9716 ,- 116.4362 ,- 110.3770 ,- 98.7091 ,- 85.9891 ,- 73.7754 ,- 145.5617 , 30.5260 ,- 67.7195 ,
04-01-2022 ,12:32:38 ,       11990.321, 250  ,           10  , 32  , 111  , 19.7819 ,- 107.1551 ,- 173.9475 ,- 118.4680 ,- 145.5058 ,- 132.4998 ,- 146.4330 ,- 146.9656 ,- 144.6609 ,- 141.0543 ,- 136.3398 ,- 123.0740 ,- 103.0554 ,- 86.7551 ,- 70.3299 ,- 26.6630 ,- 87.4225 ,- 96.7792 ,- 97.9299 ,- 102.5327 ,- 113.2570 ,- 118.7771 ,- 118.3233 ,- 117.1003 ,- 114.4998 ,- 109.3316 ,- 96.7365 ,- 84.1348 ,- 71.7732 ,- 141.1957 , 31.8148 ,- 66.8581 ,
04-01-2022 ,12:32:38 ,       11990.786, 250  ,           10  , 32  , 111  , 16.5206 ,- 110.6696 ,- 176.7650 ,- 119.7206 ,- 146.0023 ,- 133.6834 ,- 146.9261 ,- 147.0642 ,- 144.0790 ,- 140.5546 ,- 135.2351 ,- 122.8768 ,- 102.0592 ,- 86.3606 ,- 69.7578 ,- 24.9995 ,- 85.1672 ,- 95.4477 ,- 96.9568 ,- 101.7436 ,- 112.6916 ,- 117.9913 ,- 118.1261 ,- 116.2291 ,- 114.7891 ,- 108.9502 ,- 97.8642 ,- 84.6214 ,- 72.4110 ,- 142.4845 , 29.8323 ,- 67.8148 ,
04-01-2022 ,12:32:39 ,       11991.302, 250  ,           10  , 32  , 111  , 17.5101 ,- 101.8324 ,- 167.9935 ,- 116.3507 ,- 146.9919 ,- 132.9930 ,- 148.4088 ,- 149.0565 ,- 146.9853 ,- 143.3491 ,- 138.4439 ,- 125.4445 ,- 104.7453 ,- 88.3365 ,- 71.4707 ,- 33.1069 ,- 92.3277 ,- 100.3924 ,- 100.6587 ,- 104.5480 ,- 114.6740 ,- 119.8587 ,- 119.4181 ,- 118.1623 ,- 115.4664 ,- 109.9957 ,- 97.6735 ,- 84.5228 ,- 72.5918 ,- 139.8083 , 31.9167 ,- 67.5288 ,
04-01-2022 ,12:32:39 ,       11991.816, 250  ,           10  , 32  , 111  , 21.2680 ,- 112.5699 ,- 179.7963 ,- 121.7392 ,- 148.1787 ,- 135.5573 ,- 149.4938 ,- 149.8521 ,- 146.8899 ,- 143.5464 ,- 138.1414 ,- 124.7540 ,- 103.8510 ,- 87.7447 ,- 70.5206 ,- 23.7304 ,- 88.0110 ,- 98.6795 ,- 100.1721 ,- 104.8998 ,- 116.2850 ,- 121.3316 ,- 121.6044 ,- 119.1321 ,- 117.6001 ,- 111.3239 ,- 98.7091 ,- 85.9891 ,- 72.7726 ,- 144.7694 , 32.1140 ,- 68.0055 ,
04-01-2022 ,12:32:40 ,       11992.281, 250  ,           10  , 32  , 111  , 20.4756 ,- 105.4455 ,- 172.6949 ,- 118.0834 ,- 145.3086 ,- 132.2039 ,- 146.3343 ,- 146.7650 ,- 144.3683 ,- 140.9524 ,- 136.1360 ,- 122.9754 ,- 101.8620 ,- 86.4592 ,- 69.5704 ,- 25.4893 ,- 85.4598 ,- 95.5431 ,- 96.9568 ,- 101.8324 ,- 112.8790 ,- 118.5831 ,- 117.9255 ,- 117.1003 ,- 114.5951 ,- 109.2362 ,- 97.2987 ,- 84.7200 ,- 72.2269 ,- 140.8998 , 30.8252 ,- 67.2395 ,
04-01-2022 ,12:32:40 ,       11992.797, 250  ,           10  , 32  , 111  , 20.6729 ,- 107.6285 ,- 174.8878 ,- 119.0466 ,- 145.4072 ,- 132.5984 ,- 146.4330 ,- 146.6664 ,- 143.7897 ,- 140.6532 ,- 135.6362 ,- 122.7781 ,- 101.0664 ,- 85.0718 ,- 68.2389 ,- 21.1923 ,- 81.0444 ,- 92.1206 ,- 94.3233 ,- 99.8138 ,- 112.1228 ,- 117.5014 ,- 118.0275 ,- 116.3277 ,- 114.9831 ,- 109.3316 ,- 98.1436 ,- 84.9140 ,- 71.8620 ,- 141.4949 , 31.3217 ,- 66.1874 ,
04-01-2022 ,12:32:41 ,       11993.312, 250  ,           10  , 32  , 111  , 23.8389 ,- 105.3502 ,- 173.3195 ,- 118.3727 ,- 145.3086 ,- 132.4012 ,- 146.4330 ,- 146.7650 ,- 144.0790 ,- 140.7519 ,- 136.0373 ,- 124.7540 ,- 101.4642 ,- 86.2587 ,- 68.7157 ,- 24.8055 ,- 85.9529 ,- 95.8291 ,- 97.2461 ,- 101.9179 ,- 113.2570 ,- 119.0729 ,- 118.7212 ,- 117.4850 ,- 114.9831 ,- 109.3316 ,- 97.9562 ,- 84.2302 ,- 71.6811 ,- 141.0971 , 30.9239 ,- 66.9535 ,
04-01-2022 ,12:32:41 ,       11993.825, 250  ,           10  , 32  , 111  , 20.0778 ,- 99.4587 ,- 163.6078 ,- 112.6916 ,- 140.5579 ,- 127.4729 ,- 142.0899 ,- 142.9842 ,- 140.5941 ,- 137.2603 ,- 132.5261 ,- 119.7140 ,- 100.4713 ,- 84.9732 ,- 68.6170 ,- 29.6877 ,- 89.4839 ,- 98.5842 ,- 99.4883 ,- 104.0220 ,- 115.0554 ,- 119.8587 ,- 120.1151 ,- 117.9716 ,- 116.1469 ,- 110.5644 ,- 98.2390 ,- 84.5228 ,- 72.4110 ,- 134.2488 , 29.9310 ,- 65.8981 ,
04-01-2022 ,12:32:42 ,       11994.29, 250  ,            10  , 32  , 111  , 26.6071 ,- 102.5951 ,- 170.2916 ,- 116.7354 ,- 144.4176 ,- 131.4149 ,- 145.5453 ,- 146.1699 ,- 143.4971 ,- 139.8576 ,- 135.1365 ,- 123.3699 ,- 100.9677 ,- 85.8642 ,- 68.9031 ,- 28.6159 ,- 90.7595 ,- 98.5842 ,- 98.7091 ,- 102.5327 ,- 112.6916 ,- 117.6987 ,- 117.2318 ,- 115.8444 ,- 113.1420 ,- 107.1453 ,- 94.8559 ,- 81.6888 ,- 69.4981 ,- 139.5091 , 30.7266 ,- 65.8028 ,
04-01-2022 ,12:32:42 ,       11994.805, 250  ,           10  , 32  , 111  , 17.8060 ,- 110.6696 ,- 177.1826 ,- 120.2006 ,- 146.8932 ,- 133.8806 ,- 147.7184 ,- 147.8631 ,- 145.0488 ,- 141.5508 ,- 136.4384 ,- 124.5568 ,- 101.1683 ,- 85.7655 ,- 68.4296 ,- 21.5836 ,- 81.6329 ,- 92.9754 ,- 95.2011 ,- 100.8658 ,- 112.8790 ,- 118.3858 ,- 118.8231 ,- 116.9064 ,- 115.3710 ,- 109.9003 ,- 99.0839 ,- 85.5979 ,- 72.6806 ,- 143.0828 , 30.3288 ,- 67.0488 ,
04-01-2022 ,12:32:43 ,       11995.32, 250  ,            10  , 32  , 111  , 17.5101 ,- 112.0012 ,- 179.4807 ,- 121.5486 ,- 147.6823 ,- 135.1628 ,- 148.3102 ,- 148.6587 ,- 145.7261 ,- 142.2510 ,- 137.2406 ,- 123.8664 ,- 102.2598 ,- 86.6565 ,- 68.8110 ,- 22.2674 ,- 82.4187 ,- 93.7348 ,- 96.0790 ,- 101.3918 ,- 113.4444 ,- 119.3655 ,- 118.9217 ,- 118.1623 ,- 115.8576 ,- 109.9003 ,- 98.0516 ,- 86.0877 ,- 73.3217 ,- 144.6708 , 30.9239 ,- 68.2948 ,
04-01-2022 ,12:32:43 ,       11995.835, 250  ,           10  , 32  , 111  , 16.4219 ,- 113.1420 ,- 180.0034 ,- 121.5486 ,- 147.4850 ,- 134.7683 ,- 148.1130 ,- 148.3595 ,- 145.3382 ,- 141.8499 ,- 136.7376 ,- 123.7645 ,- 102.1611 ,- 86.4592 ,- 69.2844 ,- 20.8997 ,- 81.0444 ,- 92.8801 ,- 95.4938 ,- 101.3918 ,- 113.6351 ,- 119.2702 ,- 119.7173 ,- 117.9716 ,- 116.4362 ,- 111.1365 ,- 99.9288 ,- 86.1863 ,- 73.7754 ,- 144.3716 , 30.2302 ,- 67.6241 ,
04-01-2022 ,12:32:44 ,       11996.299, 250  ,           10  , 32  , 111  , 20.4756 ,- 108.7694 ,- 177.0806 ,- 120.2960 ,- 147.4850 ,- 134.5710 ,- 148.2116 ,- 148.6587 ,- 146.0187 ,- 142.3497 ,- 137.3392 ,- 124.6554 ,- 103.1540 ,- 87.6461 ,- 70.8987 ,- 27.0510 ,- 88.9940 ,- 99.2516 ,- 100.4647 ,- 105.0740 ,- 116.2850 ,- 121.9201 ,- 121.4072 ,- 120.0987 ,- 117.6001 ,- 111.2286 ,- 99.4587 ,- 86.3803 ,- 73.5913 ,- 143.3787 , 30.0329 ,- 68.9655 ,
04-01-2022 ,12:32:44 ,       11996.813, 250  ,           10  , 32  , 111  , 20.8701 ,- 111.3370 ,- 178.9612 ,- 120.9699 ,- 146.2982 ,- 133.9792 ,- 146.8275 ,- 147.1661 ,- 144.0790 ,- 140.4560 ,- 135.2351 ,- 121.3940 ,- 101.3655 ,- 85.9628 ,- 69.8532 ,- 24.5096 ,- 87.3239 ,- 97.9201 ,- 99.3896 ,- 104.1995 ,- 115.3381 ,- 120.4472 ,- 120.6116 ,- 118.6488 ,- 117.0181 ,- 111.7053 ,- 99.3666 ,- 86.2817 ,- 73.9562 ,- 143.5793 , 29.7337 ,- 68.5809 ,
04-01-2022 ,12:32:45 ,       11997.329, 250  ,           10  , 32  , 111  , 22.6521 ,- 96.7990 ,- 163.3974 ,- 113.6549 ,- 143.3294 ,- 129.8368 ,- 144.7562 ,- 145.5716 ,- 143.2077 ,- 140.0549 ,- 135.2351 ,- 123.0740 ,- 102.5590 ,- 87.2483 ,- 70.7113 ,- 34.1852 ,- 93.3107 ,- 100.4877 ,- 100.4647 ,- 103.9332 ,- 113.9179 ,- 118.9743 ,- 118.6225 ,- 117.1957 ,- 114.8877 ,- 108.5688 ,- 96.5491 ,- 83.4510 ,- 70.8625 ,- 136.3332 , 31.1211 ,- 68.0055 ,
04-01-2022 ,12:32:45 ,       11997.794, 250  ,           10  , 32  , 111  , 19.8806 ,- 106.8691 ,- 172.1721 ,- 116.7354 ,- 142.0406 ,- 129.7382 ,- 142.5798 ,- 143.1847 ,- 140.1075 ,- 136.6620 ,- 131.5266 ,- 118.6291 ,- 99.0806 ,- 83.5891 ,- 67.7622 ,- 25.5847 ,- 86.6368 ,- 96.3979 ,- 97.5387 ,- 102.2696 ,- 113.0696 ,- 118.1886 ,- 118.1261 ,- 116.2291 ,- 114.3058 ,- 109.1409 ,- 97.2987 ,- 83.2537 ,- 71.6811 ,- 138.6149 , 30.9239 ,- 65.6121 ,
04-01-2022 ,12:32:46 ,       11998.309, 250  ,           10  , 32  , 111  , 24.6280 ,- 97.7491 ,- 163.9201 ,- 112.9809 ,- 139.4664 ,- 127.0751 ,- 140.8045 ,- 141.2943 ,- 138.4636 ,- 135.0675 ,- 130.2214 ,- 118.4318 ,- 97.4894 ,- 82.2050 ,- 66.0526 ,- 26.9523 ,- 85.4598 ,- 94.2116 ,- 95.1025 ,- 99.2910 ,- 109.7590 ,- 114.9502 ,- 114.6444 ,- 113.4247 ,- 111.3995 ,- 105.3403 ,- 94.0143 ,- 81.5935 ,- 68.9524 ,- 134.5480 , 29.8323 ,- 64.0800 ,
04-01-2022 ,12:32:46 ,       11998.824, 250  ,           10  , 32  , 111  , 19.4860 ,- 97.6537 ,- 161.3097 ,- 111.0576 ,- 138.4768 ,- 125.5990 ,- 139.6176 ,- 140.1995 ,- 137.8817 ,- 134.6664 ,- 129.8203 ,- 118.1360 ,- 97.6866 ,- 82.4022 ,- 66.3387 ,- 25.9792 ,- 82.3200 ,- 90.9798 ,- 91.6932 ,- 96.0461 ,- 106.3562 ,- 111.4159 ,- 111.4620 ,- 109.9431 ,- 108.0099 ,- 103.3447 ,- 91.5716 ,- 78.4636 ,- 66.4044 ,- 132.4636 , 30.9239 ,- 62.4526 ,
04-01-2022 ,12:32:47 ,       11999.339, 250  ,           10  , 32  , 111  , 25.2230 ,- 96.7990 ,- 161.3097 ,- 110.6729 ,- 135.7053 ,- 123.9223 ,- 136.8527 ,- 137.3130 ,- 134.5875 ,- 131.3754 ,- 126.8121 ,- 115.0718 ,- 94.6061 ,- 79.8280 ,- 64.2477 ,- 27.0510 ,- 85.2658 ,- 93.0707 ,- 93.5442 ,- 97.0094 ,- 106.9217 ,- 111.6099 ,- 111.5639 ,- 109.8477 ,- 108.0099 ,- 102.1118 ,- 91.8510 ,- 79.1474 ,- 67.2231 ,- 131.8686 , 29.4378 ,- 62.7387 ,
04-01-2022 ,12:32:47 ,       11999.803, 250  ,           10  , 32  , 111  , 22.1556 ,- 99.5540 ,- 163.3974 ,- 111.7316 ,- 137.9836 ,- 125.4017 ,- 139.0258 ,- 139.6012 ,- 136.9118 ,- 133.9694 ,- 129.2187 ,- 116.5546 ,- 96.6937 ,- 81.3140 ,- 64.8165 ,- 25.2954 ,- 82.8099 ,- 91.5485 ,- 92.0811 ,- 96.4833 ,- 106.7343 ,- 111.9058 ,- 111.4620 ,- 109.9431 ,- 107.9113 ,- 103.2494 ,- 91.4762 ,- 78.4636 ,- 67.1343 ,- 133.3579 , 29.4378 ,- 62.3573 ,
04-01-2022 ,12:32:48 ,       12000.317, 250  ,           10  , 32  , 111  , 21.7611 ,- 95.3721 ,- 160.1590 ,- 111.1529 ,- 139.8642 ,- 126.8812 ,- 141.4949 ,- 142.2872 ,- 139.9135 ,- 136.5634 ,- 131.7272 ,- 120.9995 ,- 99.1792 ,- 84.0822 ,- 67.9529 ,- 28.9085 ,- 87.0313 ,- 95.1650 ,- 95.4938 ,- 99.2910 ,- 109.1935 ,- 114.0658 ,- 113.9475 ,- 112.3628 ,- 110.4296 ,- 104.2949 ,- 94.4811 ,- 80.6137 ,- 68.1337 ,- 133.5551 , 30.2302 ,- 64.3693 ,
04-01-2022 ,12:32:48 ,       12000.833, 250  ,           10  , 32  , 111  , 19.1901 ,- 104.1140 ,- 169.1409 ,- 115.3875 ,- 141.5475 ,- 129.2450 ,- 142.4812 ,- 142.5864 ,- 139.7195 ,- 136.3628 ,- 131.3228 ,- 120.6050 ,- 97.7885 ,- 82.8954 ,- 66.7200 ,- 23.8258 ,- 82.0274 ,- 91.7392 ,- 93.1529 ,- 97.8872 ,- 108.7201 ,- 114.0658 ,- 113.8488 ,- 112.2642 ,- 110.2357 ,- 105.4357 ,- 94.2017 ,- 81.2022 ,- 69.6822 ,- 137.4247 , 30.6247 ,- 63.8894 ,
04-01-2022 ,12:32:49 ,       12001.348, 250  ,           10  , 32  , 111  , 23.4411 ,- 102.3091 ,- 168.8286 ,- 115.7721 ,- 142.6357 ,- 129.9354 ,- 143.8653 ,- 144.1809 ,- 141.4653 ,- 138.2598 ,- 133.3283 ,- 122.3836 ,- 99.4751 ,- 84.1809 ,- 67.2888 ,- 26.5611 ,- 86.4428 ,- 95.3524 ,- 96.3716 ,- 100.6916 ,- 111.6494 ,- 116.9129 ,- 117.0313 ,- 115.5551 ,- 113.7239 ,- 107.6220 ,- 97.2033 ,- 84.2302 ,- 70.6817 ,- 138.0198 , 29.4378 ,- 66.6674 ,
04-01-2022 ,12:32:49 ,       12001.813, 250  ,           10  , 32  , 111  , 19.1901 ,- 107.1551 ,- 173.0072 ,- 117.6033 ,- 144.6149 ,- 131.6121 ,- 145.6439 ,- 146.0713 ,- 143.4017 ,- 140.0549 ,- 135.5376 ,- 123.3699 ,- 101.3655 ,- 85.7655 ,- 68.1436 ,- 25.5847 ,- 85.6570 ,- 95.7337 ,- 97.1507 ,- 102.1809 ,- 112.8790 ,- 118.3858 ,- 118.1261 ,- 116.5217 ,- 114.2072 ,- 109.1409 ,- 97.2033 ,- 84.3288 ,- 71.5003 ,- 140.2028 , 30.2302 ,- 67.2395 ,
04-01-2022 ,12:32:50 ,       12002.328, 250  ,           10  , 32  , 111  , 19.9792 ,- 106.8691 ,- 173.6319 ,- 118.5634 ,- 145.5058 ,- 132.6971 ,- 146.6302 ,- 146.8669 ,- 144.1776 ,- 140.6532 ,- 136.0373 ,- 124.2609 ,- 101.6614 ,- 85.4663 ,- 68.3343 ,- 23.8258 ,- 83.9902 ,- 94.4022 ,- 96.1776 ,- 101.5661 ,- 113.4444 ,- 118.8757 ,- 119.0203 ,- 117.4850 ,- 115.9529 ,- 109.7096 ,- 98.5217 ,- 86.4790 ,- 73.0455 ,- 141.1957 , 30.3288 ,- 67.5288 ,
04-01-2022 ,12:32:50 ,       12002.843, 250  ,           10  , 32  , 111  , 23.9375 ,- 101.3590 ,- 170.3968 ,- 117.6987 ,- 146.4954 ,- 132.9930 ,- 148.0110 ,- 148.4582 ,- 145.9201 ,- 142.3497 ,- 137.2406 ,- 125.4445 ,- 103.2527 ,- 87.1496 ,- 70.5206 ,- 30.6674 ,- 91.9365 ,- 100.2017 ,- 100.6587 ,- 104.6368 ,- 115.0554 ,- 120.4472 ,- 119.9146 ,- 118.4549 ,- 116.1469 ,- 110.8505 ,- 98.9885 ,- 86.0877 ,- 72.6806 ,- 140.5020 , 29.3359 ,- 68.1995 ,
04-01-2022 ,12:32:51 ,       12003.309, 250  ,           10  , 32  , 111  , 21.0674 ,- 104.4001 ,- 171.1267 ,- 117.2154 ,- 144.4176 ,- 131.7108 ,- 145.7425 ,- 146.2686 ,- 143.3064 ,- 139.8576 ,- 135.2351 ,- 122.2850 ,- 101.4642 ,- 85.7655 ,- 68.3343 ,- 24.6115 ,- 84.2828 ,- 94.4022 ,- 95.9803 ,- 100.8658 ,- 112.2181 ,- 117.5014 ,- 117.9255 ,- 116.2291 ,- 114.6938 ,- 108.7595 ,- 97.4861 ,- 84.8187 ,- 72.3189 ,- 139.7064 , 31.7162 ,- 67.2395 ,
04-01-2022 ,12:32:51 ,       12003.824, 250  ,           10  , 32  , 111  , 17.8060 ,- 113.2373 ,- 180.7365 ,- 122.0286 ,- 147.5836 ,- 135.1628 ,- 147.8171 ,- 147.7612 ,- 145.1442 ,- 141.3535 ,- 136.3398 ,- 123.4686 ,- 101.1683 ,- 85.6669 ,- 68.4296 ,- 21.2910 ,- 81.2417 ,- 92.5973 ,- 95.0072 ,- 100.5173 ,- 112.3102 ,- 118.4844 ,- 117.9255 ,- 116.9064 ,- 114.5951 ,- 109.4236 ,- 97.4861 ,- 85.0126 ,- 73.3217 ,- 145.0653 , 30.9239 ,- 66.6674 ,
04-01-2022 ,12:32:52 ,       12004.338, 250  ,           10  , 32  , 111  , 16.8164 ,- 114.4702 ,- 181.0489 ,- 121.5486 ,- 146.8932 ,- 134.6697 ,- 147.6198 ,- 147.7612 ,- 144.8549 ,- 141.0543 ,- 135.9354 ,- 122.8768 ,- 101.7633 ,- 86.1600 ,- 68.8110 ,- 20.5085 ,- 81.5343 ,- 93.9288 ,- 96.5655 ,- 102.7069 ,- 115.3381 ,- 120.8384 ,- 121.2099 ,- 119.5168 ,- 118.0834 ,- 111.9913 ,- 100.4943 ,- 87.2581 ,- 75.2318 ,- 144.5721 , 30.4274 ,- 68.1995 ,
04-01-2022 ,12:32:52 ,       12004.853, 250  ,           10  , 32  , 111  , 21.0674 ,- 106.7738 ,- 174.8878 ,- 119.7206 ,- 148.1787 ,- 134.5710 ,- 149.4938 ,- 149.9508 ,- 147.4686 ,- 143.8456 ,- 138.8450 ,- 126.8286 ,- 104.3475 ,- 88.3365 ,- 71.0894 ,- 25.8773 ,- 87.9157 ,- 98.0154 ,- 99.2943 ,- 104.1107 ,- 114.9568 ,- 120.7398 ,- 120.1151 ,- 118.8395 ,- 116.2423 ,- 110.8505 ,- 98.6138 ,- 85.5025 ,- 73.5025 ,- 143.0828 , 30.8252 ,- 68.2948 ,
04-01-2022 ,12:32:53 ,       12005.317, 250  ,           10  , 32  , 111  , 15.3337 ,- 112.0965 ,- 178.8560 ,- 121.1639 ,- 147.6823 ,- 135.1628 ,- 148.7047 ,- 148.8560 ,- 145.9201 ,- 142.7475 ,- 137.3392 ,- 123.8664 ,- 102.9535 ,- 87.0510 ,- 69.7578 ,- 21.9748 ,- 82.1228 ,- 94.2116 ,- 96.6609 ,- 102.1809 ,- 114.2960 ,- 119.9573 ,- 120.3124 ,- 118.5502 ,- 117.2121 ,- 111.4225 ,- 99.6461 ,- 87.3568 ,- 74.7748 ,- 144.2729 , 30.9239 ,- 68.5809 ,
04-01-2022 ,12:32:53 ,       12005.833, 250  ,           10  , 32  , 111  , 19.3874 ,- 107.2505 ,- 173.8423 ,- 118.5634 ,- 146.1009 ,- 132.8943 ,- 147.1234 ,- 147.5639 ,- 145.0488 ,- 141.4521 ,- 136.4384 ,- 123.8664 ,- 102.6576 ,- 87.2483 ,- 70.3299 ,- 26.4658 ,- 86.8340 ,- 96.6839 ,- 98.1239 ,- 102.8844 ,- 114.1086 ,- 119.9573 ,- 119.5168 ,- 118.3595 ,- 115.8576 ,- 110.4691 ,- 98.5217 ,- 85.0126 ,- 72.6806 ,- 141.4949 , 30.9239 ,- 68.2948 ,
04-01-2022 ,12:32:54 ,       12006.347, 250  ,           10  , 32  , 111  , 16.2247 ,- 111.5244 ,- 177.1826 ,- 119.7206 ,- 145.0127 ,- 132.7957 ,- 145.6439 ,- 145.9694 ,- 143.3064 ,- 139.5551 ,- 134.7321 ,- 122.0877 ,- 100.8691 ,- 85.6669 ,- 68.8110 ,- 21.5836 ,- 81.3403 ,- 92.9754 ,- 95.4938 ,- 101.4806 ,- 113.7305 ,- 119.2702 ,- 119.8160 ,- 117.7776 ,- 116.5349 ,- 110.8505 ,- 99.1792 ,- 86.6729 ,- 73.7754 ,- 142.3858 , 29.3359 ,- 67.3348 ,
04-01-2022 ,12:32:54 ,       12006.861, 250  ,           10  , 32  , 111  , 13.6504 ,- 111.0510 ,- 176.3475 ,- 119.2373 ,- 145.3086 ,- 132.8943 ,- 146.1371 ,- 146.2686 ,- 143.7897 ,- 140.5546 ,- 135.5376 ,- 121.9891 ,- 101.8620 ,- 86.0614 ,- 69.2844 ,- 22.6554 ,- 80.7518 ,- 92.1206 ,- 94.9085 ,- 100.7803 ,- 113.2570 ,- 119.3655 ,- 119.0203 ,- 118.2609 ,- 116.0483 ,- 110.4691 ,- 98.7091 ,- 86.6729 ,- 73.5913 ,- 142.2872 , 30.5260 ,- 68.2948 ,
04-01-2022 ,12:32:55 ,       12007.326, 250  ,           10  , 32  , 111  , 16.2247 ,- 108.6740 ,- 175.0949 ,- 119.1420 ,- 145.2099 ,- 132.7957 ,- 145.9398 ,- 146.2686 ,- 143.1124 ,- 139.3579 ,- 133.9299 ,- 120.4077 ,- 100.7672 ,- 85.1705 ,- 68.9031 ,- 25.1934 ,- 84.1842 ,- 94.7836 ,- 96.8581 ,- 101.9179 ,- 113.3524 ,- 118.4844 ,- 118.8231 ,- 116.9064 ,- 115.7590 ,- 110.5644 ,- 98.6138 ,- 86.3803 ,- 74.3211 ,- 141.4949 , 30.4274 ,- 67.3348 ,
04-01-2022 ,12:32:55 ,       12007.842, 250  ,           10  , 32  , 111  , 20.1797 ,- 106.5864 ,- 173.7371 ,- 118.6587 ,- 145.7064 ,- 132.9930 ,- 146.8275 ,- 147.1661 ,- 144.5656 ,- 141.1530 ,- 136.3398 ,- 123.3699 ,- 102.2598 ,- 86.5579 ,- 69.8532 ,- 25.3907 ,- 86.2455 ,- 96.7792 ,- 98.5151 ,- 103.6735 ,- 115.3381 ,- 121.2329 ,- 120.8088 ,- 119.8094 ,- 117.1135 ,- 111.3239 ,- 99.4587 ,- 85.1113 ,- 72.9567 ,- 141.4949 , 29.6351 ,- 68.7748 ,
04-01-2022 ,12:32:56 ,       12008.356, 250  ,           10  , 32  , 111  , 19.9792 ,- 107.0598 ,- 174.1546 ,- 118.9480 ,- 145.9036 ,- 132.9930 ,- 147.0247 ,- 147.2647 ,- 144.2729 ,- 140.8538 ,- 135.9354 ,- 123.8664 ,- 100.3727 ,- 85.6669 ,- 68.3343 ,- 25.2954 ,- 85.4598 ,- 95.4477 ,- 96.8581 ,- 101.7436 ,- 113.0696 ,- 118.2872 ,- 118.5239 ,- 116.5217 ,- 114.9831 ,- 109.4236 ,- 98.8011 ,- 84.6214 ,- 72.7726 ,- 141.3962 , 31.1211 ,- 67.1441 ,
04-01-2022 ,12:32:56 ,       12008.821, 250  ,           10  , 32  , 111  , 17.3096 ,- 107.7239 ,- 174.1546 ,- 118.4680 ,- 144.9108 ,- 132.2039 ,- 145.7425 ,- 145.9694 ,- 143.3064 ,- 139.5551 ,- 134.9360 ,- 122.3836 ,- 101.2669 ,- 85.4663 ,- 68.7157 ,- 20.8997 ,- 80.4559 ,- 92.4987 ,- 95.0072 ,- 100.5173 ,- 112.6916 ,- 118.6784 ,- 118.3233 ,- 117.2943 ,- 115.2757 ,- 109.4236 ,- 97.2987 ,- 84.6214 ,- 72.4998 ,- 140.9984 , 29.9310 ,- 66.1874 ,
04-01-2022 ,12:32:57 ,       12009.335, 250  ,           10  , 32  , 111  , 13.7490 ,- 109.1507 ,- 173.0072 ,- 116.9294 ,- 142.2379 ,- 130.2313 ,- 143.3721 ,- 143.5826 ,- 140.9787 ,- 137.6614 ,- 132.6280 ,- 119.3195 ,- 99.7743 ,- 84.2828 ,- 67.7622 ,- 21.4849 ,- 80.3573 ,- 91.9299 ,- 94.3233 ,- 100.0768 ,- 112.0275 ,- 117.1102 ,- 117.5277 ,- 115.6505 ,- 114.2072 ,- 108.6642 ,- 97.2033 ,- 83.8390 ,- 72.4110 ,- 139.2132 , 30.3288 ,- 66.0921 ,
04-01-2022 ,12:32:57 ,       12009.851, 250  ,           10  , 32  , 111  , 23.9375 ,- 106.3924 ,- 174.3650 ,- 118.7573 ,- 144.5162 ,- 131.9080 ,- 145.4467 ,- 145.6735 ,- 143.2077 ,- 139.6571 ,- 134.7321 ,- 122.1864 ,- 100.2707 ,- 84.6773 ,- 67.6669 ,- 21.3863 ,- 82.1228 ,- 92.6926 ,- 94.5173 ,- 99.5507 ,- 111.1759 ,- 117.0116 ,- 116.7321 ,- 115.6505 ,- 113.4346 ,- 107.3359 ,- 96.4538 ,- 83.3524 ,- 70.4976 ,- 140.9984 , 31.9167 ,- 65.7074 ,
04-01-2022 ,12:32:58 ,       12010.365, 250  ,           10  , 32  , 111  , 12.8614 ,- 111.1464 ,- 175.5124 ,- 118.3727 ,- 144.2204 ,- 131.9080 ,- 145.1475 ,- 145.3743 ,- 142.7245 ,- 139.0587 ,- 134.1305 ,- 121.0981 ,- 100.5699 ,- 84.8746 ,- 68.0483 ,- 21.3863 ,- 79.5715 ,- 91.0751 ,- 93.7381 ,- 99.5507 ,- 111.6494 ,- 116.9129 ,- 117.3305 ,- 115.4565 ,- 113.9179 ,- 108.6642 ,- 96.9239 ,- 84.2302 ,- 72.4110 ,- 141.0971 , 31.4203 ,- 66.9535 ,
04-01-2022 ,12:32:58 ,       12010.829, 250  ,           10  , 32  , 111  , 16.6192 ,- 105.4455 ,- 170.2916 ,- 116.2554 ,- 143.7239 ,- 130.8231 ,- 144.6576 ,- 145.1738 ,- 142.8198 ,- 139.3579 ,- 134.9360 ,- 122.5809 ,- 101.7633 ,- 86.1600 ,- 69.2844 ,- 24.9995 ,- 83.1058 ,- 93.1661 ,- 95.1025 ,- 100.0768 ,- 111.5540 ,- 117.2088 ,- 116.9327 ,- 115.9398 ,- 113.7239 ,- 107.7173 ,- 95.9836 ,- 83.9376 ,- 70.8625 ,- 138.9140 , 29.7337 ,- 66.4735 ,
04-01-2022 ,12:32:59 ,       12011.344, 250  ,           10  , 32  , 111  , 17.8060 ,- 105.2549 ,- 171.7513 ,- 117.6033 ,- 146.0023 ,- 132.6971 ,- 146.9261 ,- 147.5639 ,- 144.8549 ,- 141.3535 ,- 136.5371 ,- 123.9650 ,- 103.6505 ,- 87.3469 ,- 70.8987 ,- 27.6362 ,- 87.1299 ,- 96.3979 ,- 97.4433 ,- 102.0066 ,- 112.7836 ,- 117.9913 ,- 118.2247 ,- 116.4231 ,- 114.7891 ,- 109.6143 ,- 97.7688 ,- 84.0362 ,- 72.3189 ,- 140.5020 , 29.8323 ,- 67.2395 ,
04-01-2022 ,12:32:59 ,       12011.859, 250  ,           10  , 32  , 111  , 19.2888 ,- 113.5201 ,- 182.0943 ,- 123.0872 ,- 148.0801 ,- 136.0505 ,- 148.7047 ,- 148.7573 ,- 145.7261 ,- 142.1491 ,- 137.1420 ,- 124.9513 ,- 103.5518 ,- 87.1496 ,- 70.7113 ,- 21.3863 ,- 83.1058 ,- 94.5929 ,- 96.7595 ,- 102.0921 ,- 114.1086 ,- 119.6614 ,- 119.4181 ,- 118.2609 ,- 116.1469 ,- 110.0910 ,- 98.3310 ,- 86.0877 ,- 72.7726 ,- 146.0582 , 31.5189 ,- 67.6241 ,
04-01-2022 ,12:33:00 ,       12012.374, 250  ,           10  , 32  , 111  , 12.7627 ,- 117.5113 ,- 183.9749 ,- 123.1825 ,- 148.0801 ,- 135.8532 ,- 148.3102 ,- 148.3595 ,- 145.2428 ,- 141.3535 ,- 136.4384 ,- 122.7781 ,- 101.5628 ,- 85.4663 ,- 68.9031 ,- 17.8685 ,- 78.1020 ,- 91.0751 ,- 94.4220 ,- 100.8658 ,- 113.8258 ,- 120.0527 ,- 120.1151 ,- 118.6488 ,- 116.9195 ,- 111.9913 ,- 100.0242 ,- 86.8702 ,- 74.6861 ,- 146.1568 , 29.7337 ,- 68.6795 ,
04-01-2022 ,12:33:00 ,       12012.839, 250  ,           10  , 32  , 111  , 21.0674 ,- 105.8236 ,- 172.7968 ,- 118.1787 ,- 145.8050 ,- 132.8943 ,- 147.0247 ,- 147.5639 ,- 144.7562 ,- 141.3535 ,- 136.3398 ,- 123.3699 ,- 102.4603 ,- 86.9524 ,- 69.6658 ,- 26.9523 ,- 87.3239 ,- 96.7792 ,- 97.8313 ,- 102.4439 ,- 113.9179 ,- 119.4642 ,- 119.4181 ,- 118.0669 ,- 116.2423 ,- 109.9957 ,- 97.8642 ,- 85.7951 ,- 73.1376 ,- 141.1957 , 30.7266 ,- 68.5809 ,
04-01-2022 ,12:33:01 ,       12013.354, 250  ,           10  , 32  , 111  , 17.5101 ,- 110.3869 ,- 177.4982 ,- 120.3946 ,- 146.8932 ,- 133.9792 ,- 147.4225 ,- 147.6626 ,- 144.6609 ,- 141.3535 ,- 136.2379 ,- 123.4686 ,- 101.7633 ,- 85.9628 ,- 68.8110 ,- 23.6318 ,- 83.1058 ,- 93.8335 ,- 95.7864 ,- 101.1288 ,- 112.5962 ,- 118.1886 ,- 118.1261 ,- 116.5217 ,- 114.8877 ,- 110.0910 ,- 98.3310 ,- 85.3053 ,- 73.5025 ,- 143.1814 , 31.6176 ,- 67.0488 ,
04-01-2022 ,12:33:01 ,       12013.869, 250  ,           10  , 32  , 111  , 20.1797 ,- 105.7283 ,- 173.8423 ,- 119.0466 ,- 147.0905 ,- 133.8806 ,- 148.1130 ,- 148.3595 ,- 145.7261 ,- 142.2510 ,- 137.3392 ,- 124.9513 ,- 102.8549 ,- 87.3469 ,- 70.1392 ,- 27.4422 ,- 87.2285 ,- 96.6839 ,- 97.8313 ,- 102.4439 ,- 113.7305 ,- 119.0729 ,- 119.1190 ,- 117.7776 ,- 115.7590 ,- 109.6143 ,- 98.4264 ,- 85.7951 ,- 72.7726 ,- 142.2872 , 31.9167 ,- 67.2395 ,
04-01-2022 ,12:33:02 ,       12014.334, 250  ,           10  , 32  , 111  , 20.6729 ,- 108.9601 ,- 176.7650 ,- 120.5853 ,- 148.1787 ,- 134.7683 ,- 149.1979 ,- 149.8521 ,- 146.9853 ,- 143.7469 ,- 138.6445 ,- 125.9409 ,- 103.5518 ,- 87.8433 ,- 70.3299 ,- 27.0510 ,- 88.8954 ,- 98.8702 ,- 100.1721 ,- 105.1628 ,- 116.1864 ,- 121.6242 ,- 121.4072 ,- 119.7107 ,- 117.4061 ,- 112.1820 ,- 99.7414 ,- 85.9891 ,- 73.3217 ,- 143.6779 , 31.9167 ,- 69.1562 ,
04-01-2022 ,12:33:02 ,       12014.849, 250  ,           10  , 32  , 111  , 19.7819 ,- 113.5201 ,- 182.1963 ,- 123.2812 ,- 148.9710 ,- 136.5403 ,- 149.6910 ,- 149.8521 ,- 146.6960 ,- 142.8494 ,- 138.0428 ,- 125.9409 ,- 102.8549 ,- 87.1496 ,- 69.7578 ,- 20.4099 ,- 82.4187 ,- 94.2116 ,- 96.7595 ,- 102.4439 ,- 115.2428 ,- 121.0357 ,- 121.4072 ,- 119.9047 ,- 118.3727 ,- 112.1820 ,- 100.3990 ,- 88.1392 ,- 74.2291 ,- 146.5546 , 31.0225 ,- 68.5809 ,
04-01-2022 ,12:33:03 ,       12015.362, 250  ,           10  , 32  , 111  , 15.7282 ,- 110.3869 ,- 176.0352 ,- 119.6220 ,- 147.2878 ,- 134.1765 ,- 148.5075 ,- 149.0565 ,- 146.4066 ,- 142.4516 ,- 137.8423 ,- 123.4686 ,- 103.9496 ,- 87.7447 ,- 70.6159 ,- 26.7584 ,- 87.4225 ,- 97.5387 ,- 99.1957 ,- 104.1107 ,- 115.3381 ,- 120.8384 ,- 120.7102 ,- 119.4214 ,- 117.3075 ,- 112.0866 ,- 99.1792 ,- 86.3803 ,- 75.5935 ,- 142.7836 , 29.7337 ,- 69.5409 ,
04-01-2022 ,12:33:03 ,       12015.878, 250  ,           10  , 32  , 111  , 11.8718 ,- 114.3781 ,- 181.2593 ,- 122.5086 ,- 148.7738 ,- 136.2477 ,- 149.3951 ,- 149.2538 ,- 146.4066 ,- 142.4516 ,- 137.4412 ,- 124.7540 ,- 103.0554 ,- 87.9420 ,- 71.2800 ,- 22.0701 ,- 81.2417 ,- 93.7348 ,- 96.8581 ,- 102.8844 ,- 115.1475 ,- 120.8384 ,- 121.0094 ,- 119.5168 ,- 118.1820 ,- 112.0866 ,- 100.9612 ,- 88.8231 ,- 76.1392 ,- 145.7623 , 30.2302 ,- 69.6362 ,
04-01-2022 ,12:33:04 ,       12016.342, 250  ,           10  , 32  , 111  , 22.8493 ,- 109.3414 ,- 179.1683 ,- 122.2225 ,- 149.4675 ,- 136.1491 ,- 150.4834 ,- 150.9469 ,- 148.2445 ,- 144.5458 ,- 139.4467 ,- 126.8286 ,- 104.8439 ,- 87.9420 ,- 71.1847 ,- 23.0466 ,- 85.3611 ,- 96.0198 ,- 97.6373 ,- 102.7957 ,- 114.2006 ,- 120.2499 ,- 119.7173 ,- 118.4549 ,- 116.3409 ,- 111.1365 ,- 98.3310 ,- 85.4039 ,- 72.5918 ,- 145.1639 , 31.0225 ,- 67.6241 ,
04-01-2022 ,12:33:04 ,       12016.856, 250  ,           10  , 32  , 111  , 20.8701 ,- 107.5332 ,- 175.2001 ,- 119.6220 ,- 146.5941 ,- 133.7820 ,- 147.7184 ,- 148.0603 ,- 145.0488 ,- 141.6527 ,- 136.4384 ,- 122.8768 ,- 102.1611 ,- 86.5579 ,- 68.9984 ,- 24.9995 ,- 85.3611 ,- 95.6384 ,- 97.1507 ,- 102.1809 ,- 113.6351 ,- 118.8757 ,- 119.1190 ,- 117.4850 ,- 115.9529 ,- 109.7096 ,- 98.6138 ,- 84.9140 ,- 73.4105 ,- 142.4845 , 30.8252 ,- 68.0055 ,
04-01-2022 ,12:33:05 ,       12017.371, 250  ,           10  , 32  , 111  , 13.7490 ,- 106.6784 ,- 172.4845 ,- 117.9847 ,- 147.2878 ,- 133.8806 ,- 148.4088 ,- 148.7573 ,- 146.1140 ,- 142.6488 ,- 137.8423 ,- 124.8527 ,- 104.9425 ,- 88.1392 ,- 71.4707 ,- 29.3984 ,- 87.9157 ,- 96.7792 ,- 97.8313 ,- 102.0066 ,- 112.4055 ,- 117.6987 ,- 117.2318 ,- 116.0351 ,- 113.6286 ,- 108.5688 ,- 95.8916 ,- 83.3524 ,- 71.5003 ,- 141.7908 , 31.5189 ,- 67.0488 ,
04-01-2022 ,12:33:05 ,       12017.887, 250  ,           10  , 32  , 111  , 18.6937 ,- 111.5244 ,- 178.6456 ,- 120.6839 ,- 145.9036 ,- 134.0779 ,- 146.5316 ,- 146.4691 ,- 143.3064 ,- 139.5551 ,- 134.9360 ,- 122.0877 ,- 101.0664 ,- 85.7655 ,- 68.9984 ,- 23.1419 ,- 84.2828 ,- 95.2570 ,- 97.2461 ,- 102.3584 ,- 114.0132 ,- 119.4642 ,- 119.5168 ,- 117.7776 ,- 116.2423 ,- 110.0910 ,- 98.6138 ,- 87.2581 ,- 73.6833 ,- 143.4773 , 30.4274 ,- 67.2395 ,
04-01-2022 ,12:33:06 ,       12018.352, 250  ,           10  , 32  , 111  , 18.7956 ,- 106.8691 ,- 173.7371 ,- 118.2773 ,- 145.3086 ,- 132.4012 ,- 146.1371 ,- 146.5677 ,- 143.8850 ,- 140.6532 ,- 135.4357 ,- 123.1727 ,- 101.4642 ,- 85.9628 ,- 70.2346 ,- 24.5096 ,- 84.3814 ,- 94.9710 ,- 96.7595 ,- 101.7436 ,- 113.0696 ,- 118.6784 ,- 118.1261 ,- 117.1003 ,- 114.8877 ,- 109.7096 ,- 98.1436 ,- 85.1113 ,- 72.5918 ,- 140.9984 , 30.4274 ,- 66.9535 ,
04-01-2022 ,12:33:06 ,       12018.866, 250  ,           10  , 32  , 111  , 19.8806 ,- 106.2050 ,- 174.5721 ,- 119.6220 ,- 146.8932 ,- 134.0779 ,- 148.0110 ,- 148.2609 ,- 145.4368 ,- 141.7513 ,- 136.5371 ,- 124.3595 ,- 103.0554 ,- 87.1496 ,- 70.8066 ,- 27.2482 ,- 87.2285 ,- 96.9699 ,- 98.4165 ,- 103.1442 ,- 114.2960 ,- 119.5628 ,- 119.7173 ,- 117.7776 ,- 116.3409 ,- 110.4691 ,- 98.8965 ,- 86.3803 ,- 72.8647 ,- 142.4845 , 31.4203 ,- 67.4335 ,
04-01-2022 ,12:33:07 ,       12019.382, 250  ,           10  , 32  , 111  , 20.2784 ,- 107.1551 ,- 173.0072 ,- 117.6033 ,- 143.7239 ,- 131.2176 ,- 144.4571 ,- 144.7760 ,- 142.1425 ,- 138.5590 ,- 133.6308 ,- 120.4077 ,- 100.1721 ,- 84.4800 ,- 67.5748 ,- 24.8055 ,- 84.8713 ,- 94.6883 ,- 96.1776 ,- 100.9546 ,- 112.0275 ,- 117.6001 ,- 117.1332 ,- 115.8444 ,- 113.4346 ,- 108.1907 ,- 96.0790 ,- 82.4713 ,- 71.5003 ,- 140.1042 , 31.5189 ,- 66.1874 ,
04-01-2022 ,12:33:07 ,       12019.847, 250  ,           10  , 32  , 111  , 19.7819 ,- 106.7738 ,- 173.4247 ,- 118.1787 ,- 145.1113 ,- 132.2039 ,- 146.1371 ,- 146.5677 ,- 143.6910 ,- 140.2554 ,- 135.3338 ,- 122.4823 ,- 101.5628 ,- 85.5683 ,- 68.3343 ,- 25.4893 ,- 85.8543 ,- 95.5431 ,- 96.8581 ,- 101.5661 ,- 112.6916 ,- 117.6001 ,- 117.9255 ,- 115.9398 ,- 114.4998 ,- 108.6642 ,- 97.2987 ,- 83.9376 ,- 71.9540 ,- 140.8998 , 30.1315 ,- 67.3348 ,
04-01-2022 ,12:33:08 ,       12020.361, 250  ,           10  , 32  , 111  , 17.3096 ,- 112.9513 ,- 180.0034 ,- 121.1639 ,- 146.3968 ,- 133.9792 ,- 146.8275 ,- 147.2647 ,- 144.4669 ,- 140.7519 ,- 135.7382 ,- 122.6795 ,- 101.5628 ,- 86.0614 ,- 69.2844 ,- 20.3112 ,- 81.0444 ,- 92.8801 ,- 95.4938 ,- 100.9546 ,- 112.9743 ,- 118.8757 ,- 118.5239 ,- 117.4850 ,- 114.8877 ,- 109.3316 ,- 97.8642 ,- 84.3288 ,- 72.4998 ,- 144.1743 , 30.1315 ,- 67.0488 ,
04-01-2022 ,12:33:08 ,       12020.875, 250  ,           10  , 32  , 111  , 16.0241 ,- 113.1420 ,- 179.9015 ,- 121.6439 ,- 146.7946 ,- 134.5710 ,- 147.5212 ,- 147.7612 ,- 144.5656 ,- 140.9524 ,- 135.6362 ,- 122.8768 ,- 101.2669 ,- 85.5683 ,- 68.4296 ,- 21.1923 ,- 80.9458 ,- 92.5973 ,- 95.1025 ,- 100.7803 ,- 112.6916 ,- 118.0899 ,- 118.5239 ,- 116.6171 ,- 115.3710 ,- 109.8050 ,- 98.8965 ,- 85.6965 ,- 73.4105 ,- 144.1743 , 31.0225 ,- 67.3348 ,
04-01-2022 ,12:33:09 ,       12021.389, 250  ,           10  , 32  , 111  , 23.0466 ,- 102.4998 ,- 170.3968 ,- 117.2154 ,- 145.9036 ,- 132.4998 ,- 147.3206 ,- 147.9617 ,- 145.4368 ,- 141.8499 ,- 137.1420 ,- 125.9409 ,- 102.6576 ,- 87.1496 ,- 69.6658 ,- 28.6159 ,- 89.1913 ,- 97.9201 ,- 98.7091 ,- 102.7957 ,- 113.2570 ,- 118.7771 ,- 118.2247 ,- 117.0050 ,- 114.3058 ,- 108.5688 ,- 97.4861 ,- 83.7436 ,- 70.8625 ,- 140.2028 , 30.9239 ,- 67.4335 ,
04-01-2022 ,12:33:09 ,       12021.854, 250  ,           10  , 32  , 111  , 18.0033 ,- 111.5244 ,- 178.9612 ,- 121.1639 ,- 146.5941 ,- 134.3738 ,- 147.4225 ,- 147.3634 ,- 144.2729 ,- 140.8538 ,- 135.7382 ,- 122.5809 ,- 100.6685 ,- 85.0718 ,- 68.0483 ,- 22.0701 ,- 81.9288 ,- 93.1661 ,- 95.4938 ,- 101.0401 ,- 113.0696 ,- 118.3858 ,- 118.9217 ,- 117.0050 ,- 115.6603 ,- 110.2817 ,- 99.3666 ,- 85.7951 ,- 73.4105 ,- 143.7765 , 30.0329 ,- 67.3348 ,
04-01-2022 ,12:33:10 ,       12022.369, 250  ,           10  , 32  , 111  , 17.5101 ,- 115.8970 ,- 182.1963 ,- 122.0286 ,- 146.4954 ,- 134.2751 ,- 146.8275 ,- 146.8669 ,- 144.1776 ,- 140.3540 ,- 135.3338 ,- 121.8905 ,- 101.6614 ,- 85.5683 ,- 68.4296 ,- 21.6789 ,- 82.9085 ,- 93.9288 ,- 95.9803 ,- 101.3064 ,- 112.8790 ,- 118.6784 ,- 118.3233 ,- 117.2943 ,- 114.7891 ,- 108.9502 ,- 96.6412 ,- 84.3288 ,- 72.7726 ,- 144.8680 , 31.3217 ,- 67.2395 ,
04-01-2022 ,12:33:10 ,       12022.884, 250  ,           10  , 32  , 111  , 21.2680 ,- 105.6329 ,- 172.5897 ,- 117.7940 ,- 145.0127 ,- 132.1053 ,- 146.2357 ,- 146.7650 ,- 143.7897 ,- 140.5546 ,- 135.5376 ,- 124.4581 ,- 100.7672 ,- 85.5683 ,- 68.5250 ,- 25.2954 ,- 85.8543 ,- 95.8291 ,- 96.9568 ,- 101.9179 ,- 112.9743 ,- 118.0899 ,- 118.4253 ,- 116.4231 ,- 114.8877 ,- 109.5222 ,- 98.4264 ,- 85.7951 ,- 72.3189 ,- 140.5020 , 30.3288 ,- 66.7628 ,
04-01-2022 ,12:33:11 ,       12023.399, 250  ,           10  , 32  , 111  , 20.7715 ,- 105.4455 ,- 173.7371 ,- 119.0466 ,- 146.0023 ,- 133.3875 ,- 147.1234 ,- 147.4620 ,- 144.7562 ,- 141.0543 ,- 136.3398 ,- 123.3699 ,- 102.1611 ,- 86.3606 ,- 69.9518 ,- 26.4658 ,- 85.7557 ,- 95.4477 ,- 96.9568 ,- 101.8324 ,- 113.1617 ,- 118.6784 ,- 118.4253 ,- 117.2943 ,- 115.1770 ,- 109.6143 ,- 97.6735 ,- 84.8187 ,- 72.0461 ,- 141.9913 , 30.0329 ,- 67.1441 ,
04-01-2022 ,12:33:11 ,       12023.863, 250  ,           10  , 32  , 111  , 18.2006 ,- 110.6696 ,- 177.2878 ,- 119.8160 ,- 145.2099 ,- 132.7957 ,- 146.1371 ,- 146.4691 ,- 143.6910 ,- 139.8576 ,- 134.8340 ,- 120.9995 ,- 100.7672 ,- 84.9732 ,- 68.1436 ,- 21.5836 ,- 81.5343 ,- 93.1661 ,- 95.4938 ,- 100.9546 ,- 112.6916 ,- 118.3858 ,- 118.6225 ,- 116.9064 ,- 115.4664 ,- 110.0910 ,- 97.3940 ,- 85.1113 ,- 73.4105 ,- 142.2872 , 30.6247 ,- 66.6674 ,
04-01-2022 ,12:33:12 ,       12024.378, 250  ,           10  , 32  , 111  , 22.0570 ,- 104.4921 ,- 172.2741 ,- 117.8894 ,- 144.5162 ,- 132.1053 ,- 145.9398 ,- 146.3705 ,- 143.7897 ,- 140.3540 ,- 135.3338 ,- 122.5809 ,- 102.0592 ,- 86.2587 ,- 69.3798 ,- 25.1934 ,- 85.3611 ,- 95.4477 ,- 96.9568 ,- 101.9179 ,- 113.3524 ,- 118.9743 ,- 118.6225 ,- 117.3896 ,- 115.3710 ,- 109.2362 ,- 97.0159 ,- 84.6214 ,- 71.7732 ,- 140.6992 , 32.1140 ,- 66.4735 ,
04-01-2022 ,12:33:12 ,       12024.893, 250  ,           10  , 32  , 111  , 14.9359 ,- 111.6198 ,- 179.5858 ,- 122.0286 ,- 148.7738 ,- 135.9486 ,- 149.3951 ,- 149.6549 ,- 146.5973 ,- 143.1486 ,- 137.7436 ,- 124.2609 ,- 103.8510 ,- 87.6461 ,- 71.6614 ,- 24.7069 ,- 83.3031 ,- 94.4976 ,- 96.7595 ,- 102.5327 ,- 114.6740 ,- 119.9573 ,- 120.2138 ,- 118.4549 ,- 117.1135 ,- 112.0866 ,- 99.5540 ,- 87.1628 ,- 74.0483 ,- 145.2658 , 29.8323 ,- 68.3902 ,
04-01-2022 ,12:33:13 ,       12025.409, 250  ,           10  , 32  , 111  , 18.5951 ,- 107.5332 ,- 174.1546 ,- 118.8527 ,- 146.1995 ,- 133.3875 ,- 147.4225 ,- 147.9617 ,- 145.7261 ,- 142.0505 ,- 137.1420 ,- 124.2609 ,- 103.6505 ,- 87.4455 ,- 70.1392 ,- 24.6115 ,- 84.9699 ,- 95.3524 ,- 97.1507 ,- 102.2696 ,- 114.1086 ,- 119.7601 ,- 119.7173 ,- 118.5502 ,- 116.4362 ,- 110.1864 ,- 98.2390 ,- 85.4039 ,- 72.8647 ,- 141.5935 , 30.0329 ,- 67.8148 ,
04-01-2022 ,12:33:13 ,       12025.874, 250  ,           10  , 32  , 111  , 19.6833 ,- 109.2461 ,- 176.1404 ,- 119.9113 ,- 147.3864 ,- 134.0779 ,- 148.7047 ,- 149.1552 ,- 146.7913 ,- 143.3491 ,- 138.3453 ,- 125.5431 ,- 104.6466 ,- 88.7310 ,- 71.7568 ,- 25.6833 ,- 88.4055 ,- 98.8702 ,- 100.3661 ,- 105.4258 ,- 117.0412 ,- 122.5086 ,- 122.5020 ,- 120.7760 ,- 118.8592 ,- 113.4149 ,- 100.7738 ,- 87.5540 ,- 74.7748 ,- 142.5864 , 31.2197 ,- 68.3902 ,
04-01-2022 ,12:33:14 ,       12026.389, 250  ,           10  , 32  , 111  , 18.2006 ,- 106.3924 ,- 173.2143 ,- 118.6587 ,- 147.0905 ,- 133.8806 ,- 148.1130 ,- 148.7573 ,- 146.0187 ,- 142.3497 ,- 137.3392 ,- 124.3595 ,- 104.1469 ,- 88.3365 ,- 72.1348 ,- 31.0554 ,- 91.2494 ,- 100.3924 ,- 101.3392 ,- 105.8631 ,- 117.2286 ,- 122.6072 ,- 122.3014 ,- 121.0653 ,- 118.6653 ,- 112.3694 ,- 99.3666 ,- 86.7716 ,- 73.6833 ,- 141.8927 , 29.2373 ,- 69.3502 ,
04-01-2022 ,12:33:15 ,       12026.904, 250  ,           10  , 32  , 111  , 21.2680 ,- 111.7151 ,- 179.7963 ,- 122.0286 ,- 149.2702 ,- 136.0505 ,- 150.4834 ,- 151.3447 ,- 148.2445 ,- 144.8450 ,- 139.6472 ,- 126.2368 ,- 104.8439 ,- 88.2379 ,- 70.7113 ,- 23.2406 ,- 85.0685 ,- 96.1151 ,- 97.9299 ,- 103.3217 ,- 115.1475 ,- 120.7398 ,- 120.7102 ,- 119.0335 ,- 117.2121 ,- 111.9913 ,- 99.3666 ,- 85.5979 ,- 73.6833 ,- 145.0653 , 30.2302 ,- 68.5809 ,
04-01-2022 ,12:33:15 ,       12027.368, 250  ,           10  , 32  , 111  , 9.5967 ,- 111.4291 ,- 176.4527 ,- 119.8160 ,- 146.9919 ,- 134.2751 ,- 147.8171 ,- 147.9617 ,- 145.1442 ,- 141.6527 ,- 136.7376 ,- 126.0395 ,- 103.0554 ,- 87.3469 ,- 70.8066 ,- 26.6630 ,- 85.0685 ,- 96.6839 ,- 99.1003 ,- 104.5480 ,- 116.1864 ,- 121.5255 ,- 121.4072 ,- 120.1973 ,- 118.5699 ,- 112.1820 ,- 100.5864 ,- 88.8231 ,- 74.9557 ,- 143.1814 , 32.1140 ,- 68.1041 ,
04-01-2022 ,12:33:15 ,       12027.883, 250  ,           10  , 32  , 111  , 14.4427 ,- 112.4779 ,- 180.3157 ,- 122.3179 ,- 149.5661 ,- 136.8395 ,- 150.1875 ,- 150.4505 ,- 147.2779 ,- 143.5464 ,- 138.4439 ,- 126.2368 ,- 105.0412 ,- 88.6324 ,- 71.8488 ,- 24.6115 ,- 84.4800 ,- 95.3524 ,- 97.2461 ,- 102.2696 ,- 113.7305 ,- 119.1716 ,- 118.9217 ,- 117.3896 ,- 115.5650 ,- 110.3770 ,- 98.5217 ,- 85.0126 ,- 72.7726 ,- 146.1568 , 30.7266 ,- 66.4735 ,
04-01-2022 ,12:33:16 ,       12028.397, 250  ,           10  , 32  , 111  , 25.6175 ,- 102.7825 ,- 170.6039 ,- 116.9294 ,- 143.9212 ,- 131.1190 ,- 145.1475 ,- 145.6735 ,- 142.9184 ,- 139.3579 ,- 134.4330 ,- 122.0877 ,- 100.2707 ,- 84.8746 ,- 68.1436 ,- 28.1260 ,- 89.4839 ,- 97.8247 ,- 98.3212 ,- 102.2696 ,- 113.0696 ,- 118.1886 ,- 117.9255 ,- 116.2291 ,- 114.2072 ,- 107.9047 ,- 96.4538 ,- 83.5463 ,- 71.2274 ,- 139.3119 , 30.2302 ,- 66.4735 ,
04-01-2022 ,12:33:17 ,       12028.911, 250  ,           10  , 32  , 111  , 18.2006 ,- 106.3003 ,- 171.1267 ,- 116.0614 ,- 141.4456 ,- 129.1464 ,- 142.3825 ,- 142.6850 ,- 140.3015 ,- 136.9645 ,- 131.8258 ,- 118.7277 ,- 99.0806 ,- 83.6877 ,- 66.7200 ,- 20.4099 ,- 79.0817 ,- 90.4077 ,- 92.9590 ,- 98.5874 ,- 110.3244 ,- 116.2258 ,- 115.9365 ,- 114.6806 ,- 112.9480 ,- 107.9047 ,- 95.6088 ,- 83.2537 ,- 71.3162 ,- 138.1184 , 29.7337 ,- 65.3261 ,
04-01-2022 ,12:33:17 ,       12029.378, 250  ,           10  , 32  , 111  , 13.0586 ,- 110.1962 ,- 174.7826 ,- 117.7940 ,- 142.5371 ,- 130.5272 ,- 143.1749 ,- 143.3820 ,- 140.4001 ,- 136.6620 ,- 131.8258 ,- 118.9250 ,- 99.2779 ,- 83.6877 ,- 67.6669 ,- 18.8482 ,- 75.2548 ,- 87.3666 ,- 90.4274 ,- 96.4833 ,- 109.0028 ,- 114.4603 ,- 114.7431 ,- 113.4247 ,- 112.0768 ,- 106.3858 ,- 94.9513 ,- 83.3524 ,- 71.1354 ,- 139.9069 , 29.2373 ,- 65.2307 ,
04-01-2022 ,12:33:17 ,       12029.892, 250  ,           10  , 32  , 111  , 18.0033 ,- 106.7738 ,- 171.2319 ,- 115.9661 ,- 140.8538 ,- 128.6565 ,- 141.2976 ,- 141.8894 ,- 139.1409 ,- 135.5672 ,- 130.7245 ,- 118.2346 ,- 97.3907 ,- 82.5009 ,- 65.7666 ,- 20.3112 ,- 79.0817 ,- 90.0296 ,- 92.2784 ,- 97.4466 ,- 108.8121 ,- 114.4603 ,- 114.2466 ,- 113.0401 ,- 110.9162 ,- 106.1951 ,- 94.2937 ,- 82.2773 ,- 70.7704 ,- 137.8225 , 30.4274 ,- 64.1754 ,
04-01-2022 ,12:33:18 ,       12030.406, 250  ,           10  , 32  , 111  , 21.8597 ,- 103.3546 ,- 169.9760 ,- 116.0614 ,- 142.6357 ,- 130.4286 ,- 143.8653 ,- 144.3782 ,- 141.3667 ,- 138.0592 ,- 133.0291 ,- 121.8905 ,- 99.7743 ,- 84.5787 ,- 68.2389 ,- 25.3907 ,- 84.7727 ,- 94.4022 ,- 95.6877 ,- 100.3398 ,- 111.6494 ,- 116.8143 ,- 117.1332 ,- 115.3579 ,- 114.0165 ,- 108.0954 ,- 97.1113 ,- 85.1113 ,- 70.8625 ,- 138.5162 , 29.1386 ,- 66.0921 ,
04-01-2022 ,12:33:19 ,       12030.922, 250  ,           10  , 32  , 111  , 15.4323 ,- 111.5244 ,- 175.8248 ,- 118.3727 ,- 143.6253 ,- 131.3162 ,- 144.3584 ,- 144.6773 ,- 141.8532 ,- 138.2598 ,- 132.9305 ,- 120.1118 ,- 99.3765 ,- 83.9836 ,- 66.9074 ,- 19.2395 ,- 78.1020 ,- 89.6483 ,- 92.2784 ,- 97.7984 ,- 109.3809 ,- 115.4401 ,- 115.0423 ,- 113.8127 ,- 111.9814 ,- 107.0499 ,- 94.7639 ,- 82.3727 ,- 71.2274 ,- 140.8998 , 31.0225 ,- 65.2307 ,
04-01-2022 ,12:33:19 ,       12031.387, 250  ,           10  , 32  , 111  , 17.7074 ,- 109.8148 ,- 174.8878 ,- 117.8894 ,- 142.6357 ,- 130.6258 ,- 143.2735 ,- 143.6812 ,- 140.7847 ,- 137.3623 ,- 132.4275 ,- 119.6154 ,- 98.2850 ,- 82.9940 ,- 65.6713 ,- 19.1408 ,- 78.2992 ,- 89.8390 ,- 92.3737 ,- 98.3244 ,- 110.6105 ,- 115.9299 ,- 116.5349 ,- 114.6806 ,- 113.4346 ,- 107.3359 ,- 96.0790 ,- 84.1348 ,- 71.4083 ,- 140.4001 , 30.9239 ,- 66.2828 ,
04-01-2022 ,12:33:20 ,       12031.901, 250  ,           10  , 32  , 111  , 14.6400 ,- 109.1507 ,- 173.4247 ,- 117.4094 ,- 143.4280 ,- 130.7245 ,- 144.1612 ,- 144.2795 ,- 141.5606 ,- 138.2598 ,- 133.3283 ,- 119.9146 ,- 99.9748 ,- 84.5787 ,- 67.8576 ,- 22.3628 ,- 80.7518 ,- 92.0253 ,- 94.4220 ,- 99.8138 ,- 111.3666 ,- 117.2088 ,- 116.8340 ,- 115.8444 ,- 113.6286 ,- 108.7595 ,- 96.4538 ,- 84.2302 ,- 72.5918 ,- 139.9069 , 30.5260 ,- 65.9967 ,
04-01-2022 ,12:33:20 ,       12032.417, 250  ,           10  , 32  , 111  , 18.1019 ,- 108.3880 ,- 174.1546 ,- 118.2773 ,- 143.9212 ,- 131.5135 ,- 144.9502 ,- 145.1738 ,- 142.4352 ,- 138.8582 ,- 134.5316 ,- 121.0981 ,- 100.0735 ,- 84.9732 ,- 67.6669 ,- 23.2406 ,- 82.9085 ,- 93.6428 ,- 95.5924 ,- 100.6916 ,- 112.3102 ,- 117.5014 ,- 117.6264 ,- 116.0351 ,- 114.4998 ,- 108.3814 ,- 96.7365 ,- 84.6214 ,- 72.5918 ,- 140.4001 , 30.9239 ,- 66.6674 ,
04-01-2022 ,12:33:20 ,       12032.882, 250  ,           10  , 32  , 111  , 15.9255 ,- 111.0510 ,- 176.4527 ,- 118.9480 ,- 144.3190 ,- 132.1053 ,- 145.0488 ,- 145.0751 ,- 142.6258 ,- 139.1573 ,- 134.2324 ,- 121.2954 ,- 100.1721 ,- 84.3814 ,- 67.1935 ,- 19.6274 ,- 78.1973 ,- 90.1250 ,- 92.9590 ,- 98.6762 ,- 110.9886 ,- 116.7157 ,- 116.6335 ,- 115.7458 ,- 113.6286 ,- 108.4768 ,- 96.3584 ,- 84.3288 ,- 72.8647 ,- 141.7908 , 31.2197 ,- 66.3781 ,
04-01-2022 ,12:33:21 ,       12033.396, 250  ,           10  , 32  , 111  , 18.2992 ,- 104.2094 ,- 169.3513 ,- 115.7721 ,- 143.0335 ,- 130.3299 ,- 144.1612 ,- 144.6773 ,- 141.9486 ,- 138.6576 ,- 133.6308 ,- 120.8023 ,- 99.9748 ,- 84.6773 ,- 67.2888 ,- 25.1934 ,- 83.1058 ,- 92.8801 ,- 94.4220 ,- 99.3765 ,- 110.7058 ,- 115.8346 ,- 116.1370 ,- 114.2960 ,- 112.9480 ,- 107.2406 ,- 96.5491 ,- 82.6653 ,- 70.8625 ,- 137.9212 , 31.9167 ,- 65.7074 ,
04-01-2022 ,12:33:22 ,       12033.912, 250  ,           10  , 32  , 111  , 17.4082 ,- 108.8647 ,- 176.0352 ,- 119.7206 ,- 146.4954 ,- 133.5847 ,- 147.1234 ,- 147.4620 ,- 144.8549 ,- 141.1530 ,- 136.2379 ,- 124.8527 ,- 102.8549 ,- 86.1600 ,- 69.7578 ,- 21.2910 ,- 80.5546 ,- 91.7392 ,- 94.0307 ,- 99.2910 ,- 111.2713 ,- 117.2088 ,- 116.6335 ,- 115.8444 ,- 113.4346 ,- 108.0001 ,- 96.1710 ,- 84.2302 ,- 71.4083 ,- 142.7836 , 30.5260 ,- 66.1874 ,
04-01-2022 ,12:33:22 ,       12034.427, 250  ,           10  , 32  , 111  , 19.7819 ,- 106.3924 ,- 174.4669 ,- 119.3327 ,- 146.1009 ,- 133.4861 ,- 147.0247 ,- 147.1661 ,- 144.0790 ,- 140.5546 ,- 135.5376 ,- 122.3836 ,- 101.9606 ,- 86.3606 ,- 70.0439 ,- 29.1025 ,- 88.6981 ,- 97.6340 ,- 98.3212 ,- 102.8844 ,- 113.6351 ,- 118.5831 ,- 119.0203 ,- 117.1003 ,- 115.6603 ,- 109.9957 ,- 98.6138 ,- 85.3053 ,- 73.4105 ,- 141.7908 , 30.2302 ,- 67.9102 ,
04-01-2022 ,12:33:22 ,       12034.892, 250  ,           10  , 32  , 111  , 19.8806 ,- 104.4001 ,- 172.1721 ,- 118.1787 ,- 146.6960 ,- 133.3875 ,- 147.7184 ,- 147.9617 ,- 145.7261 ,- 142.1491 ,- 137.2406 ,- 124.7540 ,- 103.9496 ,- 87.6461 ,- 72.0428 ,- 28.2247 ,- 87.4225 ,- 96.3979 ,- 97.2461 ,- 101.6548 ,- 112.2181 ,- 117.6987 ,- 117.2318 ,- 116.3277 ,- 113.6286 ,- 108.0954 ,- 97.0159 ,- 83.6450 ,- 71.1354 ,- 141.3962 , 30.9239 ,- 67.3348 ,
04-01-2022 ,12:33:23 ,       12035.406, 250  ,           10  , 32  , 111  , 19.6833 ,- 107.3458 ,- 174.3650 ,- 118.9480 ,- 145.8050 ,- 132.9930 ,- 146.9261 ,- 147.3634 ,- 144.1776 ,- 140.7519 ,- 135.9354 ,- 123.5672 ,- 101.8620 ,- 86.6565 ,- 70.0439 ,- 24.6115 ,- 85.2658 ,- 95.9244 ,- 97.8313 ,- 102.7069 ,- 114.3913 ,- 119.5628 ,- 119.8160 ,- 117.7776 ,- 116.5349 ,- 110.9458 ,- 99.3666 ,- 86.5743 ,- 73.2296 ,- 141.5935 , 30.9239 ,- 67.3348 ,
04-01-2022 ,12:33:24 ,       12035.921, 250  ,           10  , 32  , 111  , 20.3770 ,- 106.7738 ,- 174.6774 ,- 119.6220 ,- 148.5765 ,- 134.9655 ,- 149.7897 ,- 150.2499 ,- 147.8565 ,- 144.4472 ,- 139.3447 ,- 127.2231 ,- 105.0412 ,- 88.7310 ,- 71.5661 ,- 26.9523 ,- 88.5042 ,- 98.1107 ,- 99.1957 ,- 103.6735 ,- 114.6740 ,- 120.4472 ,- 119.8160 ,- 118.6488 ,- 116.2423 ,- 110.4691 ,- 98.4264 ,- 85.5025 ,- 72.9567 ,- 143.0828 , 29.1386 ,- 68.2948 ,
04-01-2022 ,12:33:24 ,       12036.436, 250  ,           10  , 32  , 111  , 22.5534 ,- 105.2549 ,- 172.1721 ,- 117.6033 ,- 144.6149 ,- 131.7108 ,- 145.8412 ,- 146.2686 ,- 143.5957 ,- 140.2554 ,- 135.4357 ,- 122.7781 ,- 101.6614 ,- 86.5579 ,- 70.1392 ,- 27.1496 ,- 88.3069 ,- 97.5387 ,- 98.4165 ,- 102.7957 ,- 113.4444 ,- 118.4844 ,- 118.6225 ,- 116.5217 ,- 114.9831 ,- 109.4236 ,- 97.8642 ,- 84.5228 ,- 72.0461 ,- 140.1042 , 29.2373 ,- 67.6241 ,
04-01-2022 ,12:33:25 ,       12036.9, 250  ,             10  , 32  , 111  , 18.6937 ,- 108.6740 ,- 175.5124 ,- 119.3327 ,- 146.6960 ,- 133.6834 ,- 147.7184 ,- 148.0603 ,- 145.5321 ,- 141.9519 ,- 137.2406 ,- 124.2609 ,- 102.7562 ,- 86.9524 ,- 69.7578 ,- 24.3156 ,- 84.7727 ,- 95.4477 ,- 97.3447 ,- 102.6181 ,- 114.1086 ,- 119.8587 ,- 119.4181 ,- 118.4549 ,- 116.1469 ,- 110.2817 ,- 98.5217 ,- 85.5025 ,- 73.1376 ,- 142.2872 , 29.3359 ,- 68.5809 ,
04-01-2022 ,12:33:25 ,       12037.415, 250  ,           10  , 32  , 111  , 19.6833 ,- 107.2505 ,- 174.1546 ,- 118.8527 ,- 146.3968 ,- 133.1902 ,- 147.6198 ,- 147.9617 ,- 145.0488 ,- 141.6527 ,- 136.9414 ,- 125.6417 ,- 101.9606 ,- 86.4592 ,- 69.2844 ,- 25.7819 ,- 86.3442 ,- 96.6839 ,- 98.2225 ,- 103.1442 ,- 114.6740 ,- 119.9573 ,- 120.2138 ,- 118.1623 ,- 116.7288 ,- 111.1365 ,- 99.6461 ,- 86.4790 ,- 73.1376 ,- 141.7908 , 31.3217 ,- 67.7195 ,
04-01-2022 ,12:33:26 ,       12037.931, 250  ,           10  , 32  , 111  , 16.4219 ,- 109.5288 ,- 176.2456 ,- 119.5266 ,- 146.2982 ,- 133.6834 ,- 147.0247 ,- 147.0642 ,- 144.3683 ,- 140.9524 ,- 136.0373 ,- 124.3595 ,- 102.5590 ,- 86.9524 ,- 70.8987 ,- 24.4143 ,- 84.1842 ,- 94.9710 ,- 97.0521 ,- 102.2696 ,- 113.7305 ,- 119.3655 ,- 119.0203 ,- 117.8729 ,- 115.3710 ,- 109.3316 ,- 97.8642 ,- 84.4274 ,- 71.5924 ,- 142.7836 , 30.7266 ,- 68.1995 ,
04-01-2022 ,12:33:26 ,       12038.396, 250  ,           10  , 32  , 111  , 21.2680 ,- 107.6285 ,- 175.2001 ,- 119.5266 ,- 146.1009 ,- 133.2888 ,- 147.1234 ,- 147.5639 ,- 144.5656 ,- 141.0543 ,- 136.3398 ,- 124.0636 ,- 101.4642 ,- 85.8642 ,- 68.8110 ,- 24.9008 ,- 85.8543 ,- 96.0198 ,- 97.4433 ,- 102.7069 ,- 114.2006 ,- 119.6614 ,- 119.9146 ,- 118.0669 ,- 116.4362 ,- 111.2286 ,- 99.6461 ,- 86.2817 ,- 73.7754 ,- 141.9913 , 30.6247 ,- 67.6241 ,
04-01-2022 ,12:33:27 ,       12038.91, 250  ,            10  , 32  , 111  , 21.1693 ,- 104.8735 ,- 172.1721 ,- 117.6987 ,- 144.6149 ,- 132.0067 ,- 145.8412 ,- 146.2686 ,- 143.7897 ,- 140.2554 ,- 135.4357 ,- 122.8768 ,- 101.7633 ,- 86.1600 ,- 69.5704 ,- 24.5096 ,- 84.3814 ,- 94.6883 ,- 96.7595 ,- 101.8324 ,- 113.6351 ,- 119.3655 ,- 119.2209 ,- 118.1623 ,- 116.0483 ,- 109.9003 ,- 98.6138 ,- 85.3053 ,- 72.8647 ,- 140.3015 , 29.6351 ,- 67.3348 ,
04-01-2022 ,12:33:27 ,       12039.426, 250  ,           10  , 32  , 111  , 21.6625 ,- 102.2138 ,- 168.5163 ,- 115.6768 ,- 143.3294 ,- 130.2313 ,- 144.6576 ,- 145.1738 ,- 142.6258 ,- 139.1573 ,- 134.3343 ,- 121.9891 ,- 100.8691 ,- 85.5683 ,- 68.8110 ,- 28.2247 ,- 88.5042 ,- 97.7294 ,- 98.5151 ,- 102.7069 ,- 113.0696 ,- 117.9913 ,- 118.0275 ,- 116.1338 ,- 114.2072 ,- 109.1409 ,- 97.2033 ,- 83.8390 ,- 71.4083 ,- 137.9212 , 31.4203 ,- 65.9967 ,
04-01-2022 ,12:33:28 ,       12039.94, 250  ,            10  , 32  , 111  , 20.9688 ,- 107.1551 ,- 174.7826 ,- 118.9480 ,- 145.6045 ,- 132.8943 ,- 146.7289 ,- 146.7650 ,- 144.3683 ,- 140.9524 ,- 136.0373 ,- 123.7645 ,- 101.6614 ,- 86.0614 ,- 69.1891 ,- 23.0466 ,- 83.3031 ,- 94.0209 ,- 95.9803 ,- 101.0401 ,- 112.9743 ,- 118.6784 ,- 118.4253 ,- 117.2943 ,- 115.3710 ,- 108.9502 ,- 97.6735 ,- 84.8187 ,- 71.6811 ,- 141.7908 , 30.5260 ,- 66.8581 ,
04-01-2022 ,12:33:28 ,       12040.405, 250  ,           10  , 32  , 111  , 14.4427 ,- 110.9557 ,- 177.0806 ,- 119.6220 ,- 144.9108 ,- 132.7957 ,- 145.7425 ,- 145.9694 ,- 143.2077 ,- 139.5551 ,- 134.5316 ,- 121.4927 ,- 100.6685 ,- 84.7759 ,- 68.7157 ,- 20.5085 ,- 79.3776 ,- 91.7392 ,- 94.9085 ,- 101.3064 ,- 113.8258 ,- 119.4642 ,- 119.8160 ,- 118.3595 ,- 116.9195 ,- 111.9913 ,- 99.3666 ,- 86.6729 ,- 73.2296 ,- 142.3858 , 31.8148 ,- 65.9967 ,
04-01-2022 ,12:33:29 ,       12040.921, 250  ,           10  , 32  , 111  , 19.2888 ,- 107.6285 ,- 173.4247 ,- 117.8894 ,- 143.6253 ,- 131.3162 ,- 144.5557 ,- 144.7760 ,- 141.9486 ,- 138.6576 ,- 133.8313 ,- 121.9891 ,- 99.8729 ,- 84.2828 ,- 67.0028 ,- 22.5567 ,- 82.7146 ,- 93.5474 ,- 95.5924 ,- 100.7803 ,- 112.6916 ,- 118.2872 ,- 118.0275 ,- 116.9064 ,- 115.0784 ,- 108.7595 ,- 97.4861 ,- 85.5979 ,- 72.2269 ,- 140.4001 , 30.9239 ,- 66.9535 ,
04-01-2022 ,12:33:29 ,       12041.437, 250  ,           10  , 32  , 111  , 19.4860 ,- 99.0773 ,- 165.4883 ,- 114.6181 ,- 143.8225 ,- 130.6258 ,- 144.9502 ,- 145.5716 ,- 143.0138 ,- 139.5551 ,- 134.7321 ,- 122.2850 ,- 101.5628 ,- 85.5683 ,- 69.3798 ,- 29.4937 ,- 86.5414 ,- 94.4022 ,- 94.7146 ,- 98.4987 ,- 108.3387 ,- 113.3787 ,- 113.4510 ,- 111.9749 ,- 110.0417 ,- 105.4357 ,- 94.0143 ,- 81.5935 ,- 69.7710 ,- 137.3261 , 30.9239 ,- 65.6121 ,
04-01-2022 ,12:33:30 ,       12041.952, 250  ,           10  , 32  , 111  , 20.6729 ,- 101.4543 ,- 165.5902 ,- 113.1749 ,- 139.1705 ,- 126.8812 ,- 140.4099 ,- 140.8965 ,- 138.2664 ,- 134.9688 ,- 130.2214 ,- 119.2209 ,- 96.9929 ,- 82.2050 ,- 65.3885 ,- 23.2406 ,- 80.8472 ,- 90.5984 ,- 92.1798 ,- 96.5721 ,- 107.5825 ,- 112.7902 ,- 112.7540 ,- 111.2976 ,- 109.3644 ,- 103.3447 ,- 92.8866 ,- 80.1272 ,- 67.7688 ,- 134.9425 , 31.0225 ,- 63.8894 ,
