04-01-2022 ,12:41:40 ,       12532.321, 250  ,           10  , 32  , 111  ,- 57.4718 ,- 196.2971 ,- 261.0741 ,- 164.3837 ,- 171.8401 ,- 171.1530 ,- 170.1338 ,- 167.1683 ,- 160.4647 ,- 153.6264 ,- 145.5650 ,- 128.0154 ,- 104.3507 ,- 85.1705 ,- 67.2954 , 17.4871 ,- 20.1107 ,- 38.9754 ,- 48.2335 ,- 59.4083 ,- 78.4669 ,- 86.1831 ,- 88.4910 ,- 90.0231 ,- 90.3748 ,- 87.7644 ,- 81.9880 ,- 76.4154 ,- 68.5874 ,- 198.8582 , 29.7370 ,- 66.1841 ,
04-01-2022 ,12:41:40 ,       12532.836, 250  ,           10  , 32  , 111  ,- 52.0307 ,- 193.0653 ,- 260.7618 ,- 165.5409 ,- 175.0094 ,- 169.3776 ,- 173.2965 ,- 170.1568 ,- 163.7590 ,- 156.9206 ,- 149.0762 ,- 131.0762 ,- 106.9349 ,- 87.4455 ,- 68.1535 , 17.1945 ,- 20.4033 ,- 39.1660 ,- 48.3288 ,- 59.5825 ,- 78.9403 ,- 86.6729 ,- 89.5858 ,- 90.6017 ,- 91.5387 ,- 90.0461 ,- 83.8652 ,- 77.2932 ,- 69.5902 ,- 197.3689 , 31.4236 ,- 65.9935 ,
04-01-2022 ,12:41:41 ,       12533.301, 250  ,           10  , 32  , 111  ,- 56.2817 ,- 194.4922 ,- 262.9579 ,- 167.3689 ,- 178.3760 ,- 175.2921 ,- 175.4664 ,- 171.9453 ,- 165.7941 ,- 158.5152 ,- 150.3782 ,- 131.9672 ,- 107.6285 ,- 87.5442 ,- 69.3896 , 15.1430 ,- 21.6789 ,- 39.9288 ,- 49.4039 ,- 60.6346 ,- 80.0746 ,- 88.0472 ,- 90.4800 ,- 92.1502 ,- 92.7979 ,- 90.4242 ,- 84.8055 ,- 79.0554 ,- 70.9546 ,- 199.5519 , 31.6208 ,- 67.1409 ,
04-01-2022 ,12:41:41 ,       12533.818, 250  ,           10  , 32  , 111  ,- 54.8976 ,- 197.9146 ,- 268.0768 ,- 170.4494 ,- 180.9469 ,- 174.0099 ,- 177.8401 ,- 174.3354 ,- 167.6352 ,- 160.4121 ,- 152.4856 ,- 133.5453 ,- 108.3255 ,- 88.1392 ,- 69.3896 , 18.7595 ,- 19.5222 ,- 38.5973 ,- 48.0395 ,- 59.4937 ,- 79.8839 ,- 87.6559 ,- 90.7792 ,- 92.1502 ,- 92.9918 ,- 91.5650 ,- 85.4631 ,- 78.7628 ,- 71.4083 ,- 202.6292 , 30.5293 ,- 66.8548 ,
04-01-2022 ,12:41:42 ,       12534.333, 250  ,           10  , 32  , 111  ,- 50.2488 ,- 196.2050 ,- 265.1508 ,- 167.7535 ,- 176.2949 ,- 172.5338 ,- 173.8883 ,- 170.8505 ,- 164.2423 ,- 157.2198 ,- 149.1749 ,- 131.0762 ,- 106.8329 ,- 87.6461 ,- 69.0083 , 17.9770 ,- 21.7775 ,- 40.7836 ,- 49.9858 ,- 61.1606 ,- 80.7354 ,- 88.4417 ,- 91.2757 ,- 92.5381 ,- 93.3798 ,- 90.8055 ,- 85.0883 ,- 79.2494 ,- 70.9546 ,- 201.0412 , 29.9343 ,- 67.0455 ,
04-01-2022 ,12:41:42 ,       12534.799, 250  ,           10  , 32  , 111  ,- 48.2696 ,- 193.5420 ,- 263.8982 ,- 167.5595 ,- 178.1754 ,- 172.8264 ,- 175.1705 ,- 172.2445 ,- 165.6001 ,- 158.5152 ,- 150.5787 ,- 131.6680 ,- 107.4313 ,- 87.7447 ,- 69.2943 , 18.0756 ,- 20.7978 ,- 39.9288 ,- 49.3052 ,- 60.8976 ,- 80.7354 ,- 88.9316 ,- 91.4729 ,- 92.9228 ,- 93.6691 ,- 92.0417 ,- 86.0253 ,- 79.2494 ,- 70.6817 ,- 199.2560 , 31.1244 ,- 66.3748 ,
04-01-2022 ,12:41:43 ,       12535.313, 250  ,           10  , 32  , 111  ,- 63.8006 ,- 206.6598 ,- 273.4062 ,- 171.5080 ,- 178.5732 ,- 174.5031 ,- 176.5546 ,- 173.2406 ,- 166.2773 ,- 158.8143 ,- 150.7793 ,- 132.6576 ,- 108.3255 ,- 88.7343 ,- 70.1491 , 20.0285 ,- 18.4438 ,- 38.8800 ,- 49.2066 ,- 61.5124 ,- 82.0603 ,- 90.0099 ,- 92.8669 ,- 94.2773 ,- 95.0269 ,- 92.4198 ,- 86.6828 ,- 81.0083 ,- 72.8647 ,- 208.5831 , 30.1348 ,- 69.0576 ,
04-01-2022 ,12:41:43 ,       12535.827, 250  ,           10  , 32  , 111  ,- 39.4685 ,- 182.0417 ,- 253.7623 ,- 163.6143 ,- 178.7705 ,- 172.1360 ,- 176.0615 ,- 173.3393 ,- 167.1486 ,- 160.2116 ,- 152.5842 ,- 134.0417 ,- 109.2198 ,- 89.1288 ,- 70.7211 , 11.1386 ,- 28.8428 ,- 45.8236 ,- 53.7863 ,- 64.1392 ,- 82.6291 ,- 90.2072 ,- 92.8669 ,- 94.1820 ,- 94.6390 ,- 93.0872 ,- 86.4000 ,- 79.2494 ,- 71.3162 ,- 193.0028 , 30.9271 ,- 67.6209 ,
04-01-2022 ,12:41:44 ,       12536.342, 250  ,           10  , 32  , 111  ,- 61.1310 ,- 203.5234 ,- 272.1536 ,- 171.9880 ,- 180.7497 ,- 175.2921 ,- 178.3300 ,- 175.2297 ,- 168.3124 ,- 161.0105 ,- 152.9853 ,- 134.2357 ,- 109.9168 ,- 89.5233 ,- 70.1491 , 17.3918 ,- 19.9134 ,- 39.3567 ,- 49.3052 ,- 61.2493 ,- 81.5869 ,- 89.5201 ,- 92.5677 ,- 93.8927 ,- 94.8329 ,- 92.2324 ,- 86.4954 ,- 80.6170 ,- 72.6806 ,- 207.0938 , 30.8285 ,- 69.0576 ,
04-01-2022 ,12:41:44 ,       12536.808, 250  ,           10  , 32  , 111  ,- 52.7211 ,- 204.0001 ,- 275.2867 ,- 173.8160 ,- 182.8308 ,- 181.9004 ,- 181.0982 ,- 177.8171 ,- 171.3141 ,- 164.0023 ,- 155.7930 ,- 136.5075 ,- 111.5047 ,- 90.9107 ,- 70.8132 , 20.1271 ,- 20.8932 ,- 40.5929 ,- 50.4724 ,- 61.9496 ,- 82.0603 ,- 90.1085 ,- 92.7683 ,- 94.1820 ,- 94.5403 ,- 92.9918 ,- 86.3080 ,- 79.9332 ,- 72.4998 ,- 208.9809 , 30.7299 ,- 68.7715 ,
04-01-2022 ,12:41:45 ,       12537.322, 250  ,           10  , 32  , 111  ,- 66.1743 ,- 214.3629 ,- 283.9629 ,- 178.4384 ,- 184.8100 ,- 180.4209 ,- 182.3804 ,- 178.7146 ,- 171.7020 ,- 164.0023 ,- 155.8916 ,- 136.3102 ,- 111.1069 ,- 90.8121 ,- 72.5261 , 22.2740 ,- 16.7737 ,- 37.9332 ,- 48.8187 ,- 61.5124 ,- 83.1946 ,- 91.5814 ,- 94.6587 ,- 96.2105 ,- 97.4466 ,- 94.9842 ,- 89.0302 ,- 82.6685 ,- 73.6833 ,- 216.5229 , 31.0258 ,- 69.6329 ,
04-01-2022 ,12:41:45 ,       12537.837, 250  ,           10  , 32  , 111  ,- 48.7661 ,- 197.4412 ,- 268.5996 ,- 171.1201 ,- 182.5349 ,- 176.6730 ,- 179.3195 ,- 176.1272 ,- 169.3776 ,- 162.4078 ,- 154.2905 ,- 135.4225 ,- 110.2127 ,- 89.7239 ,- 70.7211 , 13.6800 ,- 25.7984 ,- 43.9200 ,- 52.5206 ,- 63.3535 ,- 82.5337 ,- 90.6017 ,- 93.2647 ,- 94.9546 ,- 95.4148 ,- 94.0373 ,- 87.8105 ,- 81.1069 ,- 74.5020 ,- 204.1185 , 32.0186 ,- 68.6762 ,
04-01-2022 ,12:41:46 ,       12538.353, 250  ,           10  , 32  , 111  ,- 55.2954 ,- 203.8094 ,- 274.4517 ,- 173.0467 ,- 181.5420 ,- 180.6182 ,- 179.5168 ,- 176.1272 ,- 169.0883 ,- 161.7075 ,- 153.6888 ,- 134.7321 ,- 109.2198 ,- 89.2274 ,- 69.8631 , 20.2225 ,- 19.8148 ,- 39.6428 ,- 49.5978 ,- 61.2493 ,- 81.3995 ,- 89.1288 ,- 92.3705 ,- 93.5047 ,- 94.6390 ,- 92.1370 ,- 86.2126 ,- 80.1305 ,- 71.6811 ,- 207.9881 , 31.9200 ,- 68.1962 ,
04-01-2022 ,12:41:46 ,       12538.817, 250  ,           10  , 32  , 111  ,- 51.2384 ,- 199.8182 ,- 269.9574 ,- 170.9294 ,- 180.8483 ,- 177.0675 ,- 178.2346 ,- 175.2297 ,- 168.4078 ,- 161.1091 ,- 153.4883 ,- 134.2357 ,- 109.6176 ,- 89.1288 ,- 69.2943 , 18.6608 ,- 21.2877 ,- 40.3069 ,- 49.4039 ,- 60.8976 ,- 80.7354 ,- 89.0302 ,- 91.4729 ,- 93.2154 ,- 93.4751 ,- 91.9464 ,- 85.5551 ,- 78.9568 ,- 72.1381 ,- 204.7135 , 30.1348 ,- 68.5776 ,
04-01-2022 ,12:41:47 ,       12539.332, 250  ,           10  , 32  , 111  ,- 58.8559 ,- 202.2872 ,- 273.4062 ,- 173.6253 ,- 183.4226 ,- 177.1661 ,- 180.5031 ,- 177.1234 ,- 170.2489 ,- 163.1048 ,- 154.9908 ,- 135.9157 ,- 110.7124 ,- 90.5129 ,- 71.0992 , 19.8345 ,- 17.7567 ,- 37.4565 ,- 47.4543 ,- 59.4083 ,- 79.9825 ,- 87.8532 ,- 91.0751 ,- 92.4395 ,- 93.7677 ,- 91.6603 ,- 86.3080 ,- 79.7392 ,- 70.5896 ,- 207.1957 , 31.8181 ,- 67.9069 ,
04-01-2022 ,12:41:47 ,       12539.848, 250  ,           10  , 32  , 111  ,- 52.7211 ,- 196.2050 ,- 266.3015 ,- 169.2921 ,- 180.4538 ,- 174.0099 ,- 177.6395 ,- 174.4341 ,- 167.9245 ,- 160.9119 ,- 153.2845 ,- 134.4330 ,- 110.3146 ,- 90.5129 ,- 70.9085 , 15.8269 ,- 23.1518 ,- 41.7337 ,- 51.0576 ,- 62.3869 ,- 81.8696 ,- 89.8159 ,- 92.3705 ,- 93.7940 ,- 94.0570 ,- 92.3244 ,- 85.5551 ,- 79.0554 ,- 71.6811 ,- 201.8368 , 30.3321 ,- 68.1009 ,
04-01-2022 ,12:41:48 ,       12540.313, 250  ,           10  , 32  , 111  ,- 56.1830 ,- 200.4823 ,- 268.9119 ,- 169.5815 ,- 177.4817 ,- 177.2648 ,- 176.1601 ,- 172.8428 ,- 165.9880 ,- 158.7157 ,- 150.7793 ,- 132.1645 ,- 107.1321 ,- 87.1496 ,- 68.1535 , 19.4433 ,- 19.1310 ,- 38.5019 ,- 48.1348 ,- 59.7600 ,- 80.0746 ,- 87.5573 ,- 90.6806 ,- 91.8609 ,- 93.1858 ,- 90.8055 ,- 85.2757 ,- 78.9568 ,- 71.5924 ,- 203.9179 , 30.7299 ,- 67.2362 ,
04-01-2022 ,12:41:48 ,       12540.827, 250  ,           10  , 32  , 111  ,- 55.4926 ,- 199.3415 ,- 267.1366 ,- 168.2335 ,- 177.8795 ,- 176.3771 ,- 175.4664 ,- 172.8428 ,- 166.1820 ,- 159.2154 ,- 151.1804 ,- 132.4571 ,- 107.4313 ,- 87.5442 ,- 69.1989 , 19.1507 ,- 19.6175 ,- 38.8800 ,- 48.5261 ,- 60.3715 ,- 80.3573 ,- 88.6357 ,- 91.0751 ,- 92.8274 ,- 92.9918 ,- 90.9009 ,- 84.4307 ,- 77.9770 ,- 70.5896 ,- 202.6292 , 32.5118 ,- 66.5688 ,
04-01-2022 ,12:41:49 ,       12541.342, 250  ,           10  , 32  , 111  ,- 47.8751 ,- 192.3059 ,- 261.9125 ,- 166.4056 ,- 177.4817 ,- 171.6428 ,- 174.6774 ,- 171.2483 ,- 164.9195 ,- 158.0154 ,- 150.1776 ,- 131.9672 ,- 107.7272 ,- 87.8433 ,- 68.3441 , 17.3918 ,- 21.0904 ,- 39.2614 ,- 48.2335 ,- 59.3195 ,- 78.6543 ,- 85.9858 ,- 89.0894 ,- 90.1184 ,- 91.3447 ,- 89.1913 ,- 83.6779 ,- 77.0992 ,- 69.6822 ,- 198.3618 , 31.0258 ,- 66.3748 ,
04-01-2022 ,12:41:49 ,       12541.857, 250  ,           10  , 32  , 111  ,- 63.8992 ,- 201.1464 ,- 266.3015 ,- 167.7535 ,- 175.8017 ,- 170.3606 ,- 173.3952 ,- 170.0549 ,- 163.8576 ,- 156.5195 ,- 148.5732 ,- 130.4812 ,- 106.2379 ,- 86.8537 ,- 68.2488 , 19.8345 ,- 16.2838 ,- 36.2203 ,- 46.4778 ,- 58.6192 ,- 78.9403 ,- 87.2614 ,- 89.7863 ,- 91.8609 ,- 92.1206 ,- 90.3321 ,- 84.1480 ,- 78.0789 ,- 71.5003 ,- 202.9250 , 31.1244 ,- 66.5688 ,
04-01-2022 ,12:41:50 ,       12542.322, 250  ,           10  , 32  , 111  ,- 58.3595 ,- 202.6686 ,- 272.3607 ,- 172.2774 ,- 180.4538 ,- 174.7990 ,- 178.0374 ,- 174.2368 ,- 167.5365 ,- 160.4121 ,- 152.3836 ,- 133.1508 ,- 108.5228 ,- 88.6357 ,- 69.7677 , 21.2022 ,- 17.4608 ,- 37.6471 ,- 47.6482 ,- 59.7600 ,- 79.9825 ,- 87.7546 ,- 90.9765 ,- 91.9562 ,- 93.2844 ,- 91.3776 ,- 85.7458 ,- 79.5420 ,- 71.0466 ,- 206.2029 , 31.2230 ,- 67.1409 ,
04-01-2022 ,12:41:50 ,       12542.837, 250  ,           10  , 32  , 111  ,- 44.5118 ,- 194.1141 ,- 264.5229 ,- 168.1382 ,- 179.7601 ,- 175.8839 ,- 176.8505 ,- 173.8357 ,- 167.6352 ,- 160.3135 ,- 152.8867 ,- 134.3343 ,- 109.7162 ,- 90.4143 ,- 70.4351 , 17.0992 ,- 24.4274 ,- 42.9699 ,- 51.9354 ,- 63.0017 ,- 82.3431 ,- 90.2072 ,- 92.5677 ,- 93.9880 ,- 93.9617 ,- 91.6603 ,- 84.9929 ,- 79.0554 ,- 70.4088 ,- 200.3475 , 29.8356 ,- 67.9069 ,
04-01-2022 ,12:41:51 ,       12543.353, 250  ,           10  , 32  , 111  ,- 49.2625 ,- 198.3913 ,- 268.9119 ,- 170.7354 ,- 180.3552 ,- 174.9963 ,- 178.0374 ,- 174.8319 ,- 168.0198 ,- 160.8100 ,- 152.8867 ,- 133.9398 ,- 108.9206 ,- 89.1288 ,- 69.2943 , 17.2932 ,- 22.7606 ,- 41.2603 ,- 50.3770 ,- 61.5978 ,- 81.2088 ,- 88.9316 ,- 91.8740 ,- 92.8274 ,- 93.7677 ,- 91.9464 ,- 85.8379 ,- 79.5420 ,- 71.5924 ,- 203.8193 , 32.1173 ,- 67.5255 ,
04-01-2022 ,12:41:51 ,       12543.867, 250  ,           10  , 32  , 111  ,- 46.0965 ,- 193.6374 ,- 265.8840 ,- 169.7754 ,- 181.1475 ,- 176.3771 ,- 178.1360 ,- 174.5327 ,- 168.0198 ,- 161.0105 ,- 153.0872 ,- 134.2357 ,- 109.3184 ,- 88.9316 ,- 70.1491 , 16.0241 ,- 24.1315 ,- 42.3025 ,- 51.0576 ,- 61.6866 ,- 80.8307 ,- 88.8329 ,- 91.2757 ,- 93.0214 ,- 93.2844 ,- 90.9009 ,- 84.8055 ,- 78.8581 ,- 70.3167 ,- 201.5376 , 31.7195 ,- 67.6209 ,
04-01-2022 ,12:41:52 ,       12544.332, 250  ,           10  , 32  , 111  ,- 64.8888 ,- 206.0911 ,- 272.3607 ,- 170.9294 ,- 177.7809 ,- 172.7278 ,- 175.7623 ,- 172.7409 ,- 165.6987 ,- 158.6138 ,- 150.2795 ,- 131.5694 ,- 106.9349 ,- 87.2483 ,- 68.9129 , 23.3491 ,- 14.2225 ,- 35.0795 ,- 45.7973 ,- 58.4450 ,- 79.2231 ,- 87.0674 ,- 90.2795 ,- 91.1836 ,- 92.4099 ,- 90.7102 ,- 84.7102 ,- 78.1743 ,- 70.3167 ,- 206.9952 , 31.8181 ,- 67.1409 ,
04-01-2022 ,12:41:52 ,       12544.848, 250  ,           10  , 32  , 111  ,- 55.4926 ,- 201.3371 ,- 268.7048 ,- 168.5228 ,- 176.6927 ,- 175.7853 ,- 174.2828 ,- 171.0511 ,- 164.7289 ,- 157.6176 ,- 149.6779 ,- 131.2735 ,- 107.3327 ,- 87.8433 ,- 69.1036 , 21.4948 ,- 18.2466 ,- 37.9332 ,- 47.8422 ,- 59.5825 ,- 79.8839 ,- 87.9485 ,- 90.3814 ,- 92.0548 ,- 92.2159 ,- 89.7600 ,- 83.5825 ,- 77.7831 ,- 68.8603 ,- 204.1185 , 30.3321 ,- 66.6641 ,
04-01-2022 ,12:41:53 ,       12545.362, 250  ,           10  , 32  , 111  ,- 51.4356 ,- 200.4823 ,- 272.0484 ,- 172.4680 ,- 180.9469 ,- 175.8839 ,- 178.3300 ,- 175.2297 ,- 168.1184 ,- 160.9119 ,- 152.7847 ,- 133.8412 ,- 108.8220 ,- 88.7343 ,- 69.4850 , 21.6888 ,- 17.7567 ,- 37.3611 ,- 47.3556 ,- 59.3195 ,- 79.8839 ,- 87.8532 ,- 90.8779 ,- 92.1502 ,- 93.1858 ,- 91.7557 ,- 85.4631 ,- 78.4669 ,- 70.1359 ,- 204.8122 , 31.6208 ,- 67.2362 ,
04-01-2022 ,12:41:53 ,       12545.827, 250  ,           10  , 32  , 111  ,- 44.4132 ,- 190.2149 ,- 261.4949 ,- 166.8856 ,- 179.7601 ,- 176.1798 ,- 176.4560 ,- 173.5398 ,- 167.2472 ,- 160.3135 ,- 152.5842 ,- 134.3343 ,- 110.0154 ,- 90.3157 ,- 70.2444 , 15.7315 ,- 24.0362 ,- 42.1151 ,- 50.7682 ,- 61.3348 ,- 80.0746 ,- 87.6559 ,- 90.1809 ,- 91.7622 ,- 92.2159 ,- 89.7600 ,- 83.5825 ,- 77.7831 ,- 69.9518 ,- 198.0626 , 30.1348 ,- 67.5255 ,
04-01-2022 ,12:41:54 ,       12546.343, 250  ,           10  , 32  , 111  ,- 55.8872 ,- 200.9590 ,- 268.9119 ,- 169.4861 ,- 178.5732 ,- 175.8839 ,- 176.4560 ,- 173.5398 ,- 166.7606 ,- 159.8138 ,- 151.8806 ,- 133.1508 ,- 108.6247 ,- 88.8329 ,- 69.8631 , 17.7830 ,- 22.5633 ,- 41.8291 ,- 51.2515 ,- 62.8274 ,- 82.3431 ,- 89.9146 ,- 92.8669 ,- 93.6987 ,- 94.5403 ,- 92.8965 ,- 86.5874 ,- 80.0318 ,- 72.2269 ,- 203.8193 , 30.5293 ,- 68.5776 ,
04-01-2022 ,12:41:54 ,       12546.857, 250  ,           10  , 32  , 111  ,- 58.1622 ,- 203.3327 ,- 273.6166 ,- 173.7206 ,- 182.5349 ,- 175.5880 ,- 179.8127 ,- 176.0253 ,- 169.5716 ,- 162.3091 ,- 154.0900 ,- 135.3239 ,- 110.4132 ,- 89.9211 ,- 70.6258 , 19.1507 ,- 19.0291 ,- 38.5973 ,- 48.2335 ,- 59.9343 ,- 80.4526 ,- 88.3431 ,- 91.0751 ,- 92.7288 ,- 93.4751 ,- 90.9962 ,- 85.0883 ,- 79.2494 ,- 71.7732 ,- 207.0938 , 30.8285 ,- 68.1009 ,
04-01-2022 ,12:41:55 ,       12547.372, 250  ,           10  , 32  , 111  ,- 60.6346 ,- 203.4281 ,- 270.1678 ,- 170.1601 ,- 178.7705 ,- 171.3502 ,- 176.8505 ,- 173.9376 ,- 167.3426 ,- 160.4121 ,- 152.1831 ,- 133.6439 ,- 108.9206 ,- 89.3261 ,- 70.9085 , 18.6608 ,- 20.2093 ,- 40.1162 ,- 50.3770 ,- 62.4757 ,- 83.0992 ,- 90.9929 ,- 94.0603 ,- 95.0532 ,- 95.8981 ,- 94.2247 ,- 87.7151 ,- 80.9096 ,- 73.1376 ,- 205.4072 , 31.6208 ,- 68.8669 ,
04-01-2022 ,12:41:55 ,       12547.837, 250  ,           10  , 32  , 111  ,- 55.0948 ,- 199.3415 ,- 267.5541 ,- 168.9075 ,- 177.7809 ,- 174.3058 ,- 175.6637 ,- 172.1458 ,- 165.6001 ,- 158.2160 ,- 149.9771 ,- 131.4707 ,- 106.9349 ,- 87.6461 ,- 69.5803 , 17.0006 ,- 23.1518 ,- 42.5885 ,- 52.3266 ,- 63.7907 ,- 83.7600 ,- 91.5814 ,- 94.1590 ,- 95.7305 ,- 96.2861 ,- 93.4653 ,- 87.3403 ,- 81.2022 ,- 73.8642 ,- 203.6220 , 30.8285 ,- 69.1529 ,
04-01-2022 ,12:41:56 ,       12548.353, 250  ,           10  , 32  , 111  ,- 63.5047 ,- 202.6686 ,- 269.5399 ,- 170.7354 ,- 180.2565 ,- 175.4894 ,- 177.4423 ,- 174.3354 ,- 167.4412 ,- 160.6094 ,- 152.3836 ,- 133.6439 ,- 108.5228 ,- 88.7343 ,- 70.5272 , 18.1710 ,- 19.5222 ,- 39.1660 ,- 48.9140 ,- 60.9863 ,- 80.9261 ,- 88.7343 ,- 91.6735 ,- 92.8274 ,- 93.5737 ,- 92.0417 ,- 85.8379 ,- 78.9568 ,- 71.3162 ,- 205.2100 , 31.1244 ,- 67.9069 ,
04-01-2022 ,12:41:56 ,       12548.867, 250  ,           10  , 32  , 111  ,- 60.1414 ,- 202.7639 ,- 269.9574 ,- 170.1601 ,- 178.6719 ,- 173.9113 ,- 176.1601 ,- 172.7409 ,- 166.4713 ,- 159.3141 ,- 150.9798 ,- 132.7562 ,- 108.2269 ,- 88.6357 ,- 69.9584 , 19.6373 ,- 18.5392 ,- 38.4066 ,- 48.5261 ,- 60.4603 ,- 81.0214 ,- 89.0302 ,- 91.9726 ,- 93.4061 ,- 94.0570 ,- 91.5650 ,- 85.4631 ,- 79.4466 ,- 71.5003 ,- 205.3086 , 30.4307 ,- 67.5255 ,
04-01-2022 ,12:41:57 ,       12549.332, 250  ,           10  , 32  , 111  ,- 59.3491 ,- 200.6730 ,- 266.6138 ,- 167.1749 ,- 175.2067 ,- 173.9113 ,- 173.8883 ,- 170.7519 ,- 164.2423 ,- 157.0193 ,- 148.9743 ,- 130.2839 ,- 106.4351 ,- 86.3606 ,- 67.9628 , 21.7874 ,- 15.4981 ,- 35.5562 ,- 45.7973 ,- 58.1819 ,- 78.6543 ,- 86.9688 ,- 89.7863 ,- 91.1836 ,- 91.9266 ,- 90.5195 ,- 84.2400 ,- 77.6844 ,- 70.4088 ,- 203.0237 , 33.0082 ,- 66.1841 ,
04-01-2022 ,12:41:57 ,       12549.848, 250  ,           10  , 32  , 111  ,- 65.0861 ,- 201.2417 ,- 267.4489 ,- 168.8121 ,- 176.7913 ,- 174.3058 ,- 174.5787 ,- 171.1497 ,- 164.4362 ,- 157.3184 ,- 149.1749 ,- 130.8790 ,- 106.6357 ,- 87.3469 ,- 69.0083 , 16.3167 ,- 18.7364 ,- 37.7392 ,- 47.5496 ,- 59.4937 ,- 79.9825 ,- 87.8532 ,- 90.9765 ,- 92.6335 ,- 93.7677 ,- 91.0916 ,- 85.6505 ,- 79.7392 ,- 71.5003 ,- 203.7207 , 30.1348 ,- 67.2362 ,
04-01-2022 ,12:41:58 ,       12550.362, 250  ,           10  , 32  , 111  ,- 46.7869 ,- 195.0642 ,- 266.0911 ,- 168.9075 ,- 179.2670 ,- 173.6154 ,- 176.4560 ,- 173.5398 ,- 166.9546 ,- 159.8138 ,- 151.9825 ,- 133.0521 ,- 108.6247 ,- 88.6357 ,- 68.6269 , 18.7595 ,- 21.2877 ,- 39.7381 ,- 48.7200 ,- 59.8455 ,- 79.1277 ,- 86.9688 ,- 89.5858 ,- 90.7957 ,- 91.3447 ,- 89.8554 ,- 83.4905 ,- 76.7080 ,- 68.7715 ,- 201.3371 , 30.4307 ,- 66.1841 ,
04-01-2022 ,12:41:58 ,       12550.877, 250  ,           10  , 32  , 111  ,- 58.3595 ,- 204.2861 ,- 272.7815 ,- 171.6987 ,- 179.3656 ,- 177.1661 ,- 177.4423 ,- 174.0363 ,- 167.2472 ,- 159.8138 ,- 151.8806 ,- 132.9535 ,- 108.0264 ,- 88.0406 ,- 68.9129 , 22.2740 ,- 16.5797 ,- 36.7891 ,- 46.9644 ,- 58.8822 ,- 79.6965 ,- 87.6559 ,- 90.6806 ,- 92.1502 ,- 93.2844 ,- 90.7102 ,- 85.0883 ,- 79.1507 ,- 70.4088 ,- 206.9952 , 31.5222 ,- 67.2362 ,
04-01-2022 ,12:41:59 ,       12551.343, 250  ,           10  , 32  , 111  ,- 54.8976 ,- 199.8182 ,- 268.5996 ,- 169.9661 ,- 179.9574 ,- 171.6428 ,- 176.8505 ,- 173.6384 ,- 167.3426 ,- 160.0110 ,- 152.0845 ,- 133.4466 ,- 108.7233 ,- 88.7343 ,- 68.7222 , 20.1271 ,- 18.1480 ,- 37.5518 ,- 47.1617 ,- 59.0565 ,- 79.2231 ,- 87.0674 ,- 89.7863 ,- 91.3776 ,- 91.7327 ,- 90.2368 ,- 83.7732 ,- 77.0992 ,- 69.8631 ,- 204.4176 , 30.6312 ,- 67.0455 ,
04-01-2022 ,12:41:59 ,       12551.857, 250  ,           10  , 32  , 111  ,- 50.9425 ,- 199.5322 ,- 269.0171 ,- 170.2554 ,- 180.2565 ,- 178.4483 ,- 177.9387 ,- 174.6346 ,- 168.0198 ,- 160.7113 ,- 152.8867 ,- 134.1404 ,- 109.6176 ,- 89.8225 ,- 69.5803 , 19.8345 ,- 19.8148 ,- 38.9754 ,- 48.4274 ,- 59.8455 ,- 79.6011 ,- 87.1661 ,- 90.0822 ,- 91.1836 ,- 92.1206 ,- 89.5726 ,- 83.5825 ,- 77.6844 ,- 68.9524 ,- 203.7207 , 29.7370 ,- 67.2362 ,
04-01-2022 ,12:42:00 ,       12552.372, 250  ,           10  , 32  , 111  ,- 59.4477 ,- 204.0955 ,- 271.3185 ,- 171.1201 ,- 180.0593 ,- 177.7579 ,- 177.5409 ,- 174.7332 ,- 167.8291 ,- 160.6094 ,- 152.6828 ,- 133.7425 ,- 108.8220 ,- 88.6357 ,- 68.8176 , 20.7123 ,- 16.4811 ,- 35.7436 ,- 45.6033 ,- 57.3041 ,- 77.3326 ,- 85.3973 ,- 87.8959 ,- 89.6351 ,- 89.7929 ,- 88.4318 ,- 81.9880 ,- 75.7315 ,- 68.4987 ,- 205.7064 , 30.4307 ,- 65.8028 ,
04-01-2022 ,12:42:00 ,       12552.888, 250  ,           10  , 32  , 111  ,- 50.9425 ,- 196.6785 ,- 265.1508 ,- 167.3689 ,- 175.6045 ,- 170.7585 ,- 173.1979 ,- 169.9563 ,- 163.1771 ,- 156.0231 ,- 148.1721 ,- 129.8894 ,- 105.7414 ,- 86.3606 ,- 67.8674 , 19.3447 ,- 20.8932 ,- 40.1162 ,- 49.4992 ,- 60.8976 ,- 80.6433 ,- 88.2444 ,- 91.2757 ,- 92.3442 ,- 93.4751 ,- 90.9962 ,- 85.1803 ,- 78.9568 ,- 70.7704 ,- 200.9393 , 31.5222 ,- 66.6641 ,
04-01-2022 ,12:42:01 ,       12553.353, 250  ,           10  , 32  , 111  ,- 57.5704 ,- 202.3826 ,- 269.4347 ,- 169.1968 ,- 175.8017 ,- 174.0099 ,- 174.1842 ,- 171.0511 ,- 164.5349 ,- 157.1179 ,- 148.8757 ,- 130.3825 ,- 105.8401 ,- 85.8642 ,- 67.5814 , 20.6137 ,- 18.2466 ,- 37.8378 ,- 47.7469 ,- 59.4083 ,- 79.1277 ,- 87.2614 ,- 89.3853 ,- 91.2790 ,- 91.3447 ,- 89.7600 ,- 83.3951 ,- 77.0992 ,- 69.7710 ,- 204.8122 , 30.2334 ,- 66.1841 ,
04-01-2022 ,12:42:01 ,       12553.867, 250  ,           10  , 32  , 111  ,- 52.7211 ,- 198.3913 ,- 267.0314 ,- 168.5228 ,- 177.6823 ,- 176.2785 ,- 176.1601 ,- 172.7409 ,- 166.2773 ,- 159.0149 ,- 150.9798 ,- 132.2631 ,- 107.7272 ,- 87.8433 ,- 68.8176 , 17.9770 ,- 21.0904 ,- 40.3069 ,- 49.7918 ,- 61.2493 ,- 80.9261 ,- 88.3431 ,- 91.5748 ,- 92.5381 ,- 93.7677 ,- 91.3776 ,- 85.6505 ,- 79.5420 ,- 71.7732 ,- 202.6292 , 31.6208 ,- 68.0055 ,
04-01-2022 ,12:42:02 ,       12554.383, 250  ,           10  , 32  , 111  ,- 56.0844 ,- 201.1464 ,- 270.3749 ,- 171.0247 ,- 179.5628 ,- 179.9278 ,- 177.7382 ,- 174.3354 ,- 167.8291 ,- 160.4121 ,- 152.4856 ,- 133.7425 ,- 109.2198 ,- 89.5233 ,- 70.8132 , 19.3447 ,- 19.9134 ,- 39.5474 ,- 49.2066 ,- 60.8976 ,- 80.9261 ,- 89.1288 ,- 91.4729 ,- 93.3107 ,- 93.4751 ,- 91.6603 ,- 85.2757 ,- 79.0554 ,- 70.5896 ,- 204.9108 , 30.2334 ,- 67.9069 ,
04-01-2022 ,12:42:02 ,       12554.848, 250  ,           10  , 32  , 111  ,- 52.8198 ,- 204.1908 ,- 276.1251 ,- 174.6839 ,- 184.4154 ,- 180.1250 ,- 181.4927 ,- 178.1163 ,- 171.2187 ,- 164.0023 ,- 155.6943 ,- 136.5075 ,- 111.2055 ,- 90.7102 ,- 70.8132 , 21.0049 ,- 19.3249 ,- 38.8800 ,- 48.5261 ,- 60.1085 ,- 80.4526 ,- 88.2444 ,- 91.4729 ,- 92.5381 ,- 93.5737 ,- 91.4696 ,- 85.5551 ,- 79.2494 ,- 70.9546 ,- 208.8823 , 29.5397 ,- 68.1009 ,
04-01-2022 ,12:42:03 ,       12555.361, 250  ,           10  , 32  , 111  ,- 62.6137 ,- 208.1820 ,- 276.5426 ,- 173.5300 ,- 180.7497 ,- 180.5195 ,- 179.5168 ,- 176.0253 ,- 169.1837 ,- 162.0067 ,- 153.4883 ,- 134.5316 ,- 109.1212 ,- 88.4384 ,- 69.5803 , 23.4477 ,- 14.7156 ,- 35.3655 ,- 45.9913 ,- 58.7080 ,- 79.8839 ,- 88.3431 ,- 90.9765 ,- 93.0214 ,- 93.3798 ,- 91.5650 ,- 85.1803 ,- 79.0554 ,- 71.3162 ,- 210.0724 , 30.6312 ,- 68.2915 ,
04-01-2022 ,12:42:03 ,       12555.877, 250  ,           10  , 32  , 111  ,- 56.5809 ,- 204.0001 ,- 273.6166 ,- 172.8560 ,- 180.0593 ,- 177.6593 ,- 178.2346 ,- 174.7332 ,- 167.9245 ,- 160.1130 ,- 152.5842 ,- 133.1508 ,- 108.3255 ,- 88.0406 ,- 68.9129 , 20.5184 ,- 19.5222 ,- 39.4521 ,- 49.0126 ,- 60.7233 ,- 80.8307 ,- 88.4417 ,- 91.6735 ,- 92.6335 ,- 93.8631 ,- 91.7557 ,- 85.9332 ,- 79.4466 ,- 72.1381 ,- 207.4916 , 30.6312 ,- 68.0055 ,
04-01-2022 ,12:42:04 ,       12556.393, 250  ,           10  , 32  , 111  ,- 55.7885 ,- 203.6187 ,- 273.5114 ,- 172.5667 ,- 182.1371 ,- 179.8291 ,- 179.9113 ,- 176.7223 ,- 169.9595 ,- 162.6050 ,- 154.5897 ,- 135.4225 ,- 110.5118 ,- 90.2170 ,- 70.9085 , 19.8345 ,- 19.6175 ,- 39.2614 ,- 49.2066 ,- 61.0718 ,- 81.3995 ,- 89.5201 ,- 92.0713 ,- 93.9880 ,- 94.2510 ,- 92.1370 ,- 85.9332 ,- 79.8346 ,- 72.0461 ,- 208.0867 , 28.7474 ,- 70.1129 ,
04-01-2022 ,12:42:04 ,       12556.857, 250  ,           10  , 32  , 111  ,- 53.9113 ,- 199.4368 ,- 268.5996 ,- 169.3875 ,- 178.9711 ,- 179.4346 ,- 177.0478 ,- 173.5398 ,- 166.8593 ,- 159.6132 ,- 151.3809 ,- 132.8549 ,- 108.2269 ,- 87.9420 ,- 69.1989 , 20.2225 ,- 19.4236 ,- 39.0707 ,- 48.8187 ,- 60.6346 ,- 80.9261 ,- 88.6357 ,- 91.7721 ,- 92.8274 ,- 93.8631 ,- 91.8510 ,- 85.6505 ,- 79.2494 ,- 71.2274 ,- 203.5201 , 30.4307 ,- 67.7162 ,
04-01-2022 ,12:42:05 ,       12557.372, 250  ,           10  , 32  , 111  ,- 56.8767 ,- 201.4324 ,- 271.8380 ,- 172.3727 ,- 182.7321 ,- 178.4483 ,- 179.7141 ,- 176.5250 ,- 170.0549 ,- 162.8056 ,- 154.7902 ,- 136.0176 ,- 110.7124 ,- 90.2170 ,- 69.9584 , 19.3447 ,- 18.1480 ,- 37.1704 ,- 46.5765 ,- 58.1819 ,- 78.0888 ,- 86.3803 ,- 88.7902 ,- 90.6017 ,- 90.9568 ,- 88.8099 ,- 82.7376 ,- 76.8066 ,- 69.0444 ,- 206.1009 , 31.0258 ,- 66.8548 ,
04-01-2022 ,12:42:05 ,       12557.888, 250  ,           10  , 32  , 111  ,- 59.3491 ,- 201.7185 ,- 268.1821 ,- 168.5228 ,- 176.5941 ,- 174.8976 ,- 175.3678 ,- 172.1458 ,- 165.3075 ,- 158.1173 ,- 150.0790 ,- 131.5694 ,- 107.2340 ,- 87.7447 ,- 69.1036 , 20.2225 ,- 18.5392 ,- 38.5973 ,- 48.7200 ,- 60.7233 ,- 80.6433 ,- 88.3431 ,- 91.2757 ,- 92.0548 ,- 93.2844 ,- 91.3776 ,- 85.5551 ,- 79.0554 ,- 71.2274 ,- 203.6220 , 30.4307 ,- 67.5255 ,
04-01-2022 ,12:42:06 ,       12558.402, 250  ,           10  , 32  , 111  ,- 51.2384 ,- 195.2549 ,- 264.3158 ,- 167.4642 ,- 176.7913 ,- 170.9524 ,- 173.9869 ,- 170.9524 ,- 164.8242 ,- 157.5190 ,- 149.7765 ,- 131.1749 ,- 106.9349 ,- 86.9524 ,- 69.2943 , 19.0521 ,- 18.8351 ,- 37.6471 ,- 47.0630 ,- 58.4450 ,- 78.2795 ,- 86.2817 ,- 88.8888 ,- 90.7003 ,- 91.2461 ,- 88.9053 ,- 82.9250 ,- 76.5140 ,- 67.2231 ,- 200.2456 , 31.5222 ,- 66.2795 ,
04-01-2022 ,12:42:06 ,       12558.867, 250  ,           10  , 32  , 111  ,- 67.2625 ,- 204.3815 ,- 269.9574 ,- 169.9661 ,- 176.6927 ,- 171.9420 ,- 173.8883 ,- 170.5513 ,- 163.6637 ,- 156.5195 ,- 148.2740 ,- 129.4949 ,- 105.3436 ,- 85.7655 ,- 67.7721 , 22.2740 ,- 13.2427 ,- 33.1759 ,- 43.3611 ,- 55.6406 ,- 75.9157 ,- 84.1217 ,- 87.1003 ,- 88.3792 ,- 89.7929 ,- 88.3365 ,- 82.7376 ,- 75.9255 ,- 69.0444 ,- 204.8122 , 30.3321 ,- 64.7474 ,
04-01-2022 ,12:42:07 ,       12559.383, 250  ,           10  , 32  , 111  ,- 55.5913 ,- 197.2505 ,- 263.7930 ,- 166.5963 ,- 174.9108 ,- 168.5886 ,- 172.8001 ,- 169.8543 ,- 163.1771 ,- 156.3223 ,- 148.3727 ,- 130.6817 ,- 106.0406 ,- 87.0510 ,- 68.4395 , 20.2225 ,- 18.2466 ,- 37.7392 ,- 47.6482 ,- 59.2340 ,- 79.0357 ,- 86.8702 ,- 89.1880 ,- 90.8943 ,- 91.1507 ,- 88.7179 ,- 82.7376 ,- 77.1979 ,- 68.4987 ,- 200.6434 , 31.2230 ,- 66.1841 ,
04-01-2022 ,12:42:08 ,       12559.897, 250  ,           10  , 32  , 111  ,- 49.5584 ,- 194.0187 ,- 263.6878 ,- 167.0795 ,- 178.4746 ,- 174.3058 ,- 175.2691 ,- 172.0439 ,- 165.6987 ,- 158.2160 ,- 150.4801 ,- 131.6680 ,- 106.7343 ,- 86.8537 ,- 67.7721 , 19.5386 ,- 19.5222 ,- 38.3113 ,- 47.5496 ,- 58.6192 ,- 77.9935 ,- 85.5946 ,- 88.5896 ,- 89.5398 ,- 90.4735 ,- 88.6225 ,- 82.7376 ,- 76.6094 ,- 69.4061 ,- 199.5519 , 30.4307 ,- 65.7041 ,
04-01-2022 ,12:42:08 ,       12560.362, 250  ,           10  , 32  , 111  ,- 57.9650 ,- 201.7185 ,- 268.8100 ,- 169.1968 ,- 177.1859 ,- 174.2072 ,- 174.8746 ,- 171.3469 ,- 165.0182 ,- 157.6176 ,- 149.6779 ,- 131.1749 ,- 106.7343 ,- 86.9524 ,- 68.1535 , 18.9534 ,- 19.3249 ,- 38.4066 ,- 48.0395 ,- 59.4937 ,- 79.3184 ,- 87.3600 ,- 89.9836 ,- 91.6669 ,- 92.1206 ,- 89.8554 ,- 84.1480 ,- 78.6642 ,- 71.4083 ,- 204.5163 , 30.3321 ,- 67.0455 ,
04-01-2022 ,12:42:08 ,       12560.877, 250  ,           10  , 32  , 111  ,- 53.9113 ,- 190.5963 ,- 260.0319 ,- 166.9842 ,- 179.6615 ,- 171.6428 ,- 176.5546 ,- 173.4379 ,- 167.4412 ,- 160.3135 ,- 152.4856 ,- 133.7425 ,- 108.7233 ,- 88.4384 ,- 69.3896 , 14.2652 ,- 22.3660 ,- 40.1162 ,- 48.9140 ,- 59.8455 ,- 79.6011 ,- 87.0674 ,- 90.1809 ,- 91.6669 ,- 92.4099 ,- 91.1869 ,- 85.1803 ,- 77.9770 ,- 70.1359 ,- 197.3689 , 29.4411 ,- 67.3348 ,
04-01-2022 ,12:42:09 ,       12561.393, 250  ,           10  , 32  , 111  ,- 55.7885 ,- 200.3870 ,- 269.3327 ,- 169.3875 ,- 178.4746 ,- 175.9826 ,- 175.6637 ,- 172.2445 ,- 165.6987 ,- 158.5152 ,- 150.6806 ,- 132.0658 ,- 107.1321 ,- 87.3469 ,- 68.5315 , 20.2225 ,- 18.3452 ,- 37.9332 ,- 47.9408 ,- 59.7600 ,- 80.1699 ,- 88.2444 ,- 90.8779 ,- 92.5381 ,- 93.1858 ,- 90.4242 ,- 84.9929 ,- 78.5655 ,- 70.4976 ,- 203.9179 , 32.2159 ,- 67.3348 ,
04-01-2022 ,12:42:10 ,       12561.907, 250  ,           10  , 32  , 111  ,- 57.9650 ,- 199.9102 ,- 267.9716 ,- 169.2921 ,- 178.0768 ,- 173.6154 ,- 175.7623 ,- 172.0439 ,- 165.6001 ,- 158.5152 ,- 150.4801 ,- 131.4707 ,- 106.9349 ,- 86.9524 ,- 68.4395 , 19.9299 ,- 16.8723 ,- 36.1250 ,- 45.8926 ,- 57.7414 ,- 77.5233 ,- 85.5946 ,- 88.3924 ,- 89.8291 ,- 90.6674 ,- 89.4773 ,- 83.5825 ,- 76.9052 ,- 69.6822 ,- 203.0237 , 32.5118 ,- 66.5688 ,
04-01-2022 ,12:42:10 ,       12562.372, 250  ,           10  , 32  , 111  ,- 53.4148 ,- 197.5333 ,- 264.9437 ,- 166.6949 ,- 175.7031 ,- 171.7415 ,- 173.2965 ,- 170.2554 ,- 163.9530 ,- 157.0193 ,- 149.1749 ,- 131.1749 ,- 107.0335 ,- 87.4455 ,- 68.1535 , 19.5386 ,- 19.1310 ,- 38.5019 ,- 48.0395 ,- 59.4937 ,- 79.3184 ,- 87.2614 ,- 90.0822 ,- 91.4729 ,- 92.2159 ,- 89.4773 ,- 83.9606 ,- 78.5655 ,- 70.8625 ,- 201.0412 , 31.0258 ,- 66.7595 ,
04-01-2022 ,12:42:10 ,       12562.888, 250  ,           10  , 32  , 111  ,- 45.0082 ,- 192.0231 ,- 263.1651 ,- 167.6582 ,- 177.7809 ,- 173.0237 ,- 175.3678 ,- 171.8467 ,- 165.7941 ,- 158.5152 ,- 150.8812 ,- 132.3584 ,- 108.2269 ,- 88.7343 ,- 69.7677 , 17.4871 ,- 23.0532 ,- 41.3524 ,- 50.1830 ,- 61.1606 ,- 80.4526 ,- 88.3431 ,- 90.9765 ,- 92.2455 ,- 92.7979 ,- 91.4696 ,- 85.0883 ,- 78.1743 ,- 70.2280 ,- 198.4604 , 29.6384 ,- 67.6209 ,
04-01-2022 ,12:42:11 ,       12563.402, 250  ,           10  , 32  , 111  ,- 63.5047 ,- 206.9459 ,- 273.4062 ,- 171.2187 ,- 177.7809 ,- 177.4620 ,- 176.3574 ,- 172.9415 ,- 166.2773 ,- 158.7157 ,- 150.7793 ,- 132.2631 ,- 107.8291 ,- 88.0406 ,- 69.6724 , 21.6888 ,- 15.7940 ,- 35.7436 ,- 45.7973 ,- 58.0044 ,- 79.2231 ,- 87.1661 ,- 90.2795 ,- 91.8609 ,- 92.9918 ,- 90.4242 ,- 84.7102 ,- 78.6642 ,- 70.6817 ,- 208.4845 , 30.2334 ,- 67.6209 ,
04-01-2022 ,12:42:12 ,       12563.916, 250  ,           10  , 32  , 111  ,- 66.5688 ,- 200.7683 ,- 265.9859 ,- 168.5228 ,- 176.4954 ,- 169.5749 ,- 174.2828 ,- 170.4527 ,- 164.0483 ,- 156.9206 ,- 148.9743 ,- 131.1749 ,- 107.3327 ,- 87.7447 ,- 69.7677 , 15.1430 ,- 20.4033 ,- 39.1660 ,- 48.9140 ,- 60.7233 ,- 80.0746 ,- 87.6559 ,- 90.4800 ,- 91.6669 ,- 92.4099 ,- 90.9962 ,- 84.8055 ,- 78.0789 ,- 71.4083 ,- 203.2242 , 30.5293 ,- 68.2915 ,
04-01-2022 ,12:42:12 ,       12564.381, 250  ,           10  , 32  , 111  ,- 49.8543 ,- 199.0555 ,- 268.5996 ,- 169.7754 ,- 180.0593 ,- 175.8839 ,- 177.8401 ,- 174.7332 ,- 167.7305 ,- 160.5108 ,- 152.3836 ,- 134.2357 ,- 109.6176 ,- 89.7239 ,- 69.5803 , 18.9534 ,- 21.3863 ,- 40.4022 ,- 49.8871 ,- 61.0718 ,- 80.9261 ,- 88.5403 ,- 91.5748 ,- 92.5381 ,- 93.3798 ,- 90.7102 ,- 84.8055 ,- 78.3716 ,- 70.2280 ,- 203.4215 , 29.4411 ,- 67.2362 ,
04-01-2022 ,12:42:13 ,       12564.896, 250  ,           10  , 32  , 111  ,- 48.7661 ,- 195.4423 ,- 267.5541 ,- 170.7354 ,- 181.4434 ,- 176.8702 ,- 178.0374 ,- 174.3354 ,- 167.9245 ,- 160.3135 ,- 152.3836 ,- 133.5453 ,- 108.8220 ,- 88.7343 ,- 70.4351 , 14.7518 ,- 24.7200 ,- 42.4965 ,- 51.0576 ,- 61.6866 ,- 80.3573 ,- 87.9485 ,- 90.5787 ,- 92.2455 ,- 92.6039 ,- 91.3776 ,- 85.4631 ,- 78.8581 ,- 71.9540 ,- 202.2313 , 29.5397 ,- 67.6209 ,
04-01-2022 ,12:42:13 ,       12565.411, 250  ,           10  , 32  , 111  ,- 56.4822 ,- 201.1464 ,- 269.0171 ,- 169.5815 ,- 176.4954 ,- 172.6324 ,- 174.9733 ,- 171.9453 ,- 164.9195 ,- 157.9168 ,- 150.0790 ,- 131.5694 ,- 107.1321 ,- 87.2483 ,- 67.8674 , 22.4712 ,- 15.9912 ,- 35.8389 ,- 45.9913 ,- 58.1819 ,- 78.9403 ,- 86.9688 ,- 89.8850 ,- 91.3776 ,- 92.5053 ,- 89.9507 ,- 84.5228 ,- 78.2729 ,- 70.4088 ,- 203.9179 , 30.4307 ,- 66.9502 ,
04-01-2022 ,12:42:13 ,       12565.876, 250  ,           10  , 32  , 111  ,- 56.4822 ,- 198.5820 ,- 265.3612 ,- 166.6949 ,- 174.9108 ,- 173.7141 ,- 172.4056 ,- 169.6571 ,- 163.0817 ,- 156.1217 ,- 148.3727 ,- 129.9913 ,- 105.9420 ,- 86.6565 ,- 68.2488 , 19.6373 ,- 18.4438 ,- 37.9332 ,- 47.5496 ,- 59.3195 ,- 79.1277 ,- 87.2614 ,- 89.6844 ,- 91.3776 ,- 91.8280 ,- 90.4242 ,- 84.1480 ,- 77.7831 ,- 70.3167 ,- 201.0412 , 31.7195 ,- 66.0888 ,
04-01-2022 ,12:42:14 ,       12566.39, 250  ,            10  , 32  , 111  ,- 58.4581 ,- 203.1453 ,- 271.2100 ,- 170.8341 ,- 178.2774 ,- 173.4182 ,- 175.7623 ,- 172.5437 ,- 165.6001 ,- 158.3179 ,- 149.8752 ,- 131.0762 ,- 106.3365 ,- 86.5579 ,- 68.1535 , 21.6888 ,- 17.2636 ,- 37.5518 ,- 47.5496 ,- 59.7600 ,- 80.6433 ,- 88.7343 ,- 91.8740 ,- 93.2154 ,- 94.4450 ,- 92.0417 ,- 86.4000 ,- 79.9332 ,- 72.1381 ,- 205.8050 , 30.5293 ,- 67.3348 ,
04-01-2022 ,12:42:15 ,       12566.905, 250  ,           10  , 32  , 111  ,- 54.3058 ,- 194.9689 ,- 262.1196 ,- 166.0209 ,- 176.3935 ,- 170.9524 ,- 173.6911 ,- 170.9524 ,- 164.3409 ,- 157.5190 ,- 149.5760 ,- 131.2735 ,- 106.9349 ,- 87.3469 ,- 69.2943 , 17.7830 ,- 21.0904 ,- 40.1162 ,- 49.7918 ,- 61.1606 ,- 80.8307 ,- 88.6357 ,- 91.0751 ,- 92.7288 ,- 92.7025 ,- 91.0916 ,- 84.5228 ,- 78.2729 ,- 69.9518 ,- 198.7563 , 30.5293 ,- 66.6641 ,
04-01-2022 ,12:42:15 ,       12567.42, 250  ,            10  , 32  , 111  ,- 56.0844 ,- 195.7283 ,- 263.1651 ,- 167.2702 ,- 178.0768 ,- 170.6598 ,- 174.9733 ,- 171.6494 ,- 165.0182 ,- 157.9168 ,- 150.1776 ,- 132.1645 ,- 107.5299 ,- 87.8433 ,- 69.4850 , 17.8784 ,- 20.6992 ,- 40.0241 ,- 49.4992 ,- 60.7233 ,- 80.7354 ,- 88.2444 ,- 91.3743 ,- 92.5381 ,- 93.6691 ,- 91.1869 ,- 85.4631 ,- 79.6406 ,- 71.6811 ,- 199.7524 , 31.5222 ,- 67.5255 ,
04-01-2022 ,12:42:15 ,       12567.885, 250  ,           10  , 32  , 111  ,- 50.2488 ,- 196.4911 ,- 267.0314 ,- 169.4861 ,- 181.0489 ,- 178.6456 ,- 178.1360 ,- 175.1311 ,- 168.5064 ,- 161.3097 ,- 153.4883 ,- 134.3343 ,- 109.8148 ,- 89.2274 ,- 70.1491 , 17.9770 ,- 21.7775 ,- 40.4976 ,- 49.5978 ,- 60.6346 ,- 79.9825 ,- 88.1458 ,- 90.5787 ,- 92.3442 ,- 92.6039 ,- 90.9962 ,- 84.6181 ,- 78.2729 ,- 70.5896 ,- 202.4319 , 32.1173 ,- 67.6209 ,
04-01-2022 ,12:42:16 ,       12568.399, 250  ,           10  , 32  , 111  ,- 55.9858 ,- 197.0598 ,- 264.7333 ,- 167.5595 ,- 177.2845 ,- 170.8571 ,- 174.9733 ,- 171.9453 ,- 165.8894 ,- 158.8143 ,- 150.8812 ,- 132.8549 ,- 108.4242 ,- 88.7343 ,- 70.4351 , 20.5184 ,- 17.7567 ,- 37.8378 ,- 48.1348 ,- 60.3715 ,- 81.9650 ,- 89.9146 ,- 93.4620 ,- 94.5666 ,- 95.7995 ,- 93.5606 ,- 87.5277 ,- 81.2022 ,- 72.0461 ,- 200.0483 , 32.0186 ,- 68.0055 ,
04-01-2022 ,12:42:17 ,       12568.915, 250  ,           10  , 32  , 111  ,- 55.0948 ,- 203.6187 ,- 274.0341 ,- 173.3360 ,- 183.5212 ,- 177.5606 ,- 179.7141 ,- 176.8209 ,- 170.0549 ,- 162.8056 ,- 154.7902 ,- 135.7184 ,- 110.6105 ,- 90.2170 ,- 70.3398 , 20.7123 ,- 18.5392 ,- 38.5019 ,- 48.4274 ,- 60.4603 ,- 81.2088 ,- 89.5201 ,- 92.3705 ,- 94.1820 ,- 94.7343 ,- 92.9918 ,- 86.5874 ,- 80.2258 ,- 72.9567 ,- 208.1853 , 29.1419 ,- 69.3469 ,
04-01-2022 ,12:42:17 ,       12569.432, 250  ,           10  , 32  , 111  ,- 59.1518 ,- 204.1908 ,- 271.7328 ,- 170.8341 ,- 177.6823 ,- 173.6154 ,- 175.5650 ,- 172.6423 ,- 165.6001 ,- 158.5152 ,- 150.2795 ,- 131.9672 ,- 107.7272 ,- 88.3365 ,- 69.7677 , 20.2225 ,- 19.6175 ,- 39.8334 ,- 49.7918 ,- 61.7754 ,- 82.1557 ,- 89.9146 ,- 92.9655 ,- 93.9880 ,- 95.2209 ,- 92.9918 ,- 87.1529 ,- 81.0083 ,- 73.5025 ,- 206.1009 , 31.3249 ,- 68.4822 ,
04-01-2022 ,12:42:18 ,       12569.896, 250  ,           10  , 32  , 111  ,- 56.5809 ,- 198.4867 ,- 269.8522 ,- 172.7574 ,- 184.4154 ,- 176.0812 ,- 181.3941 ,- 178.1163 ,- 171.7020 ,- 164.5020 ,- 156.2960 ,- 137.4971 ,- 111.5047 ,- 90.6116 ,- 71.2899 , 16.9019 ,- 19.9134 ,- 38.6926 ,- 48.1348 ,- 60.0198 ,- 80.7354 ,- 88.9316 ,- 91.8740 ,- 93.8927 ,- 94.2510 ,- 92.4198 ,- 86.2126 ,- 79.5420 ,- 71.4083 ,- 205.0094 , 29.8356 ,- 67.5255 ,
04-01-2022 ,12:42:18 ,       12570.411, 250  ,           10  , 32  , 111  ,- 57.7677 ,- 205.0456 ,- 273.9289 ,- 172.5667 ,- 179.6615 ,- 175.8839 ,- 177.0478 ,- 173.6384 ,- 166.4713 ,- 158.9162 ,- 150.7793 ,- 131.8653 ,- 107.0335 ,- 86.9524 ,- 68.6269 , 22.0800 ,- 16.9710 ,- 37.0751 ,- 47.3556 ,- 59.4937 ,- 80.1699 ,- 88.0472 ,- 91.2757 ,- 92.2455 ,- 93.4751 ,- 91.7557 ,- 85.8379 ,- 79.2494 ,- 71.4083 ,- 207.1957 , 30.3321 ,- 67.3348 ,
04-01-2022 ,12:42:19 ,       12570.926, 250  ,           10  , 32  , 111  ,- 48.5688 ,- 193.4467 ,- 262.6423 ,- 166.6949 ,- 177.8795 ,- 173.1223 ,- 174.9733 ,- 171.8467 ,- 165.6001 ,- 158.6138 ,- 150.9798 ,- 132.6576 ,- 108.1283 ,- 88.6357 ,- 68.7222 , 17.2932 ,- 21.9748 ,- 40.4022 ,- 49.2066 ,- 59.9343 ,- 78.8450 ,- 86.5743 ,- 88.6916 ,- 90.4110 ,- 90.3748 ,- 88.2411 ,- 82.0800 ,- 76.1228 ,- 68.4066 ,- 199.0555 , 30.3321 ,- 65.8028 ,
04-01-2022 ,12:42:19 ,       12571.392, 250  ,           10  , 32  , 111  ,- 40.1589 ,- 184.7968 ,- 253.2396 ,- 161.3984 ,- 170.8505 ,- 166.4187 ,- 167.3689 ,- 164.5809 ,- 158.3343 ,- 151.5321 ,- 143.7601 ,- 125.9409 ,- 102.0625 ,- 82.6981 ,- 64.2576 , 17.9770 ,- 21.0904 ,- 38.6926 ,- 47.2570 ,- 57.7414 ,- 76.0077 ,- 82.9447 ,- 86.0055 ,- 86.6368 ,- 87.8565 ,- 85.9595 ,- 79.9200 ,- 73.4828 ,- 66.0428 ,- 191.1157 , 32.1173 ,- 63.1200 ,
04-01-2022 ,12:42:20 ,       12571.906, 250  ,           10  , 32  , 111  ,- 42.5359 ,- 177.6691 ,- 243.7316 ,- 155.3360 ,- 165.7020 ,- 161.3886 ,- 162.0363 ,- 159.6034 ,- 153.4916 ,- 146.8439 ,- 139.5486 ,- 122.0877 ,- 98.7847 ,- 80.3244 ,- 62.5447 , 18.9534 ,- 17.1682 ,- 34.4121 ,- 43.0685 ,- 53.2735 ,- 71.7568 ,- 79.2132 ,- 81.6296 ,- 83.3491 ,- 83.6910 ,- 81.6855 ,- 76.2576 ,- 70.5502 ,- 62.9491 ,- 183.5738 , 30.3321 ,- 59.8619 ,
04-01-2022 ,12:42:20 ,       12572.421, 250  ,           10  , 32  , 111  ,- 38.3803 ,- 169.4927 ,- 235.1640 ,- 151.1968 ,- 162.6313 ,- 156.8549 ,- 159.9617 ,- 156.8187 ,- 151.0719 ,- 144.4472 ,- 137.2439 ,- 119.6154 ,- 96.5984 ,- 77.8521 ,- 60.7398 , 15.8269 ,- 19.2263 ,- 35.4608 ,- 43.2625 ,- 52.9217 ,- 70.2411 ,- 76.8592 ,- 79.8411 ,- 80.4494 ,- 81.3666 ,- 79.7852 ,- 74.3803 ,- 68.0121 ,- 61.0389 ,- 178.0143 , 30.7299 ,- 58.2346 ,
04-01-2022 ,12:42:21 ,       12572.937, 250  ,           10  , 32  , 111  ,- 53.2176 ,- 186.2237 ,- 248.0155 ,- 155.8160 ,- 162.1382 ,- 158.9228 ,- 160.9513 ,- 157.7130 ,- 151.7491 ,- 145.2461 ,- 137.5431 ,- 120.6050 ,- 97.6899 ,- 79.7326 ,- 61.1178 , 21.2975 ,- 13.7326 ,- 32.1337 ,- 41.5102 ,- 52.5732 ,- 71.3754 ,- 78.9206 ,- 81.2318 ,- 82.9611 ,- 83.2077 ,- 81.2121 ,- 75.6954 ,- 70.2576 ,- 63.6757 ,- 188.2390 , 29.0433 ,- 60.3419 ,
04-01-2022 ,12:42:21 ,       12573.401, 250  ,           10  , 32  , 111  ,- 58.5600 ,- 190.7870 ,- 252.9240 ,- 159.3765 ,- 167.2867 ,- 162.0790 ,- 165.0971 ,- 162.1941 ,- 155.8160 ,- 149.1354 ,- 141.6560 ,- 124.1623 ,- 101.1683 ,- 81.8072 ,- 63.7809 , 19.8345 ,- 15.3041 ,- 34.0340 ,- 43.3611 ,- 54.6740 ,- 73.8346 ,- 81.0773 ,- 83.9179 ,- 84.9929 ,- 86.0187 ,- 84.4406 ,- 79.0751 ,- 72.3124 ,- 66.9502 ,- 192.6050 , 28.7474 ,- 61.6833 ,
04-01-2022 ,12:42:22 ,       12573.916, 250  ,           10  , 32  , 111  ,- 42.0395 ,- 183.3732 ,- 250.8363 ,- 159.5705 ,- 169.5650 ,- 166.9119 ,- 167.0730 ,- 164.4823 ,- 158.3343 ,- 151.5321 ,- 143.9606 ,- 126.4308 ,- 103.1573 ,- 84.3814 ,- 65.5858 , 17.0992 ,- 21.2877 ,- 38.9754 ,- 47.4543 ,- 57.9189 ,- 76.5765 ,- 84.0231 ,- 86.4033 ,- 87.8006 ,- 88.1491 ,- 85.6768 ,- 79.8247 ,- 73.8740 ,- 65.9507 ,- 189.9256 , 29.7370 ,- 63.5014 ,
04-01-2022 ,12:42:22 ,       12574.432, 250  ,           10  , 32  , 111  ,- 55.8872 ,- 196.3957 ,- 262.3300 ,- 165.5409 ,- 174.8089 ,- 170.3606 ,- 172.1097 ,- 168.7628 ,- 162.3058 ,- 155.3228 ,- 147.2713 ,- 128.8045 ,- 104.5480 ,- 84.8746 ,- 66.3485 , 20.2225 ,- 15.4981 ,- 34.0340 ,- 43.6537 ,- 55.1146 ,- 74.6861 ,- 82.4516 ,- 85.3085 ,- 86.5414 ,- 87.3732 ,- 85.9595 ,- 80.1074 ,- 73.6800 ,- 66.6773 ,- 198.8582 , 30.7299 ,- 63.6954 ,
04-01-2022 ,12:42:23 ,       12574.896, 250  ,           10  , 32  , 111  ,- 53.0203 ,- 189.6461 ,- 256.1623 ,- 162.9404 ,- 173.2275 ,- 168.1941 ,- 170.0352 ,- 166.8691 ,- 160.7573 ,- 153.8269 ,- 146.3672 ,- 128.6072 ,- 104.8472 ,- 85.7655 ,- 67.8674 , 14.9490 ,- 22.4647 ,- 40.2115 ,- 48.7200 ,- 59.1452 ,- 76.9546 ,- 84.1217 ,- 86.6039 ,- 88.0899 ,- 88.4384 ,- 85.7721 ,- 80.3902 ,- 74.5578 ,- 66.4965 ,- 194.7881 , 30.6312 ,- 64.6521 ,
04-01-2022 ,12:42:23 ,       12575.411, 250  ,           10  , 32  , 111  ,- 50.0515 ,- 191.0697 ,- 257.6253 ,- 163.2297 ,- 172.1360 ,- 169.8708 ,- 169.7393 ,- 166.6719 ,- 159.8861 ,- 152.9294 ,- 145.2658 ,- 127.2231 ,- 103.4565 ,- 84.3814 ,- 66.6313 , 19.2460 ,- 19.2263 ,- 38.0252 ,- 47.0630 ,- 58.1819 ,- 77.2373 ,- 84.7102 ,- 87.5968 ,- 88.5732 ,- 89.5036 ,- 88.0505 ,- 81.9880 ,- 75.6329 ,- 68.2258 ,- 195.2845 , 30.2334 ,- 64.4614 ,
04-01-2022 ,12:42:24 ,       12575.926, 250  ,           10  , 32  , 111  ,- 55.0948 ,- 195.6330 ,- 262.1196 ,- 165.4423 ,- 173.9179 ,- 170.2620 ,- 171.0215 ,- 168.0658 ,- 161.4346 ,- 154.5239 ,- 146.7683 ,- 128.7058 ,- 104.5480 ,- 85.7655 ,- 67.4893 , 20.7123 ,- 17.1682 ,- 36.6017 ,- 46.2839 ,- 57.7414 ,- 77.8981 ,- 85.6932 ,- 88.3924 ,- 90.0231 ,- 90.7628 ,- 88.2411 ,- 82.6455 ,- 76.7080 ,- 68.6795 ,- 198.9568 , 30.0362 ,- 65.4181 ,
04-01-2022 ,12:42:24 ,       12576.441, 250  ,           10  , 32  , 111  ,- 49.6570 ,- 190.8823 ,- 258.7760 ,- 164.1897 ,- 174.1185 ,- 170.1667 ,- 172.0110 ,- 169.0587 ,- 162.5984 ,- 156.0231 ,- 148.2740 ,- 130.0899 ,- 106.1392 ,- 86.5579 ,- 68.2488 , 17.1945 ,- 21.6789 ,- 40.2115 ,- 49.3052 ,- 60.2861 ,- 79.5091 ,- 87.1661 ,- 89.8850 ,- 91.0883 ,- 91.6340 ,- 90.3321 ,- 84.0527 ,- 77.4905 ,- 69.6822 ,- 195.5837 , 30.7299 ,- 65.8981 ,
04-01-2022 ,12:42:25 ,       12576.906, 250  ,           10  , 32  , 111  ,- 56.1830 ,- 194.3015 ,- 260.0319 ,- 164.2883 ,- 173.0302 ,- 167.6023 ,- 170.6302 ,- 167.5661 ,- 161.4346 ,- 154.3267 ,- 146.3672 ,- 128.7058 ,- 104.9458 ,- 85.7655 ,- 67.5814 , 18.7595 ,- 18.0493 ,- 37.0751 ,- 46.8691 ,- 58.3562 ,- 78.2795 ,- 86.3803 ,- 89.1880 ,- 90.6017 ,- 91.5387 ,- 89.0006 ,- 83.3031 ,- 77.5891 ,- 69.0444 ,- 197.4675 , 30.0362 ,- 65.1321 ,
04-01-2022 ,12:42:25 ,       12577.421, 250  ,           10  , 32  , 111  ,- 47.2833 ,- 194.4922 ,- 264.1053 ,- 167.4642 ,- 177.3831 ,- 172.8264 ,- 174.0856 ,- 170.8505 ,- 164.1469 ,- 156.9206 ,- 149.3754 ,- 130.6817 ,- 106.4351 ,- 86.9524 ,- 67.8674 , 17.2932 ,- 23.4444 ,- 41.8291 ,- 50.4724 ,- 61.4236 ,- 80.1699 ,- 87.6559 ,- 90.2795 ,- 91.2790 ,- 91.8280 ,- 90.5195 ,- 84.5228 ,- 77.4905 ,- 70.5896 ,- 199.5519 , 29.3425 ,- 66.3748 ,
04-01-2022 ,12:42:26 ,       12577.937, 250  ,           10  , 32  , 111  ,- 52.1293 ,- 198.0100 ,- 267.9716 ,- 169.9661 ,- 177.1859 ,- 172.1360 ,- 174.8746 ,- 171.6494 ,- 164.7289 ,- 157.6176 ,- 149.5760 ,- 131.0762 ,- 106.8329 ,- 87.3469 ,- 69.1989 , 20.4197 ,- 17.7567 ,- 37.2658 ,- 46.9644 ,- 58.6192 ,- 79.3184 ,- 87.5573 ,- 90.7792 ,- 92.1502 ,- 93.3798 ,- 91.0916 ,- 85.2757 ,- 78.8581 ,- 70.0439 ,- 202.0341 , 29.4411 ,- 67.0455 ,
04-01-2022 ,12:42:26 ,       12578.451, 250  ,           10  , 32  , 111  ,- 67.0652 ,- 205.3283 ,- 269.2275 ,- 169.0028 ,- 176.5941 ,- 170.4593 ,- 173.7897 ,- 170.7519 ,- 164.0483 ,- 157.1179 ,- 149.0762 ,- 130.4812 ,- 106.3365 ,- 86.6565 ,- 68.3441 , 20.0285 ,- 16.4811 ,- 36.7891 ,- 47.2570 ,- 59.6713 ,- 79.9825 ,- 88.1458 ,- 90.7792 ,- 92.2455 ,- 92.8965 ,- 91.3776 ,- 85.0883 ,- 78.3716 ,- 71.4083 ,- 206.0023 , 29.0433 ,- 67.5255 ,
04-01-2022 ,12:42:27 ,       12578.916, 250  ,           10  , 32  , 111  ,- 54.0099 ,- 199.6275 ,- 268.1821 ,- 169.1968 ,- 178.6719 ,- 175.0949 ,- 176.3574 ,- 173.1420 ,- 166.5699 ,- 159.2154 ,- 151.4828 ,- 133.0521 ,- 108.5228 ,- 88.7343 ,- 69.5803 , 19.3447 ,- 20.0121 ,- 39.3567 ,- 49.0126 ,- 60.3715 ,- 80.3573 ,- 87.9485 ,- 90.7792 ,- 92.0548 ,- 93.0872 ,- 90.4242 ,- 84.6181 ,- 78.6642 ,- 70.4976 ,- 203.4215 , 31.7195 ,- 67.9069 ,
04-01-2022 ,12:42:27 ,       12579.432, 250  ,           10  , 32  , 111  ,- 55.6899 ,- 199.8182 ,- 267.6593 ,- 168.4275 ,- 177.1859 ,- 175.1935 ,- 175.1705 ,- 172.2445 ,- 165.6987 ,- 158.7157 ,- 151.0817 ,- 132.1645 ,- 107.4313 ,- 87.3469 ,- 68.1535 , 21.4948 ,- 16.5797 ,- 36.3156 ,- 46.2839 ,- 58.1819 ,- 78.4669 ,- 86.4790 ,- 88.9874 ,- 90.6017 ,- 91.1507 ,- 89.4773 ,- 83.2077 ,- 76.6094 ,- 69.4981 ,- 202.5305 , 31.0258 ,- 66.8548 ,
04-01-2022 ,12:42:28 ,       12579.946, 250  ,           10  , 32  , 111  ,- 58.8559 ,- 198.7694 ,- 265.3612 ,- 167.0795 ,- 176.1963 ,- 176.3771 ,- 174.1842 ,- 171.1497 ,- 164.3409 ,- 157.2198 ,- 149.1749 ,- 131.1749 ,- 106.4351 ,- 86.4592 ,- 68.2488 , 20.7123 ,- 16.2838 ,- 35.6482 ,- 45.6033 ,- 57.3929 ,- 77.7107 ,- 85.2000 ,- 88.6916 ,- 89.8291 ,- 91.1507 ,- 88.8099 ,- 83.3031 ,- 77.1979 ,- 68.8603 ,- 201.6363 , 30.7299 ,- 66.2795 ,
04-01-2022 ,12:42:28 ,       12580.411, 250  ,           10  , 32  , 111  ,- 54.4044 ,- 196.8691 ,- 264.9437 ,- 167.0795 ,- 175.7031 ,- 172.7278 ,- 173.4938 ,- 170.1568 ,- 163.7590 ,- 156.7201 ,- 148.7738 ,- 130.0899 ,- 105.6428 ,- 85.8642 ,- 67.1080 , 22.5699 ,- 15.0082 ,- 34.7934 ,- 44.7255 ,- 56.6039 ,- 76.6718 ,- 84.9074 ,- 87.4981 ,- 89.0565 ,- 89.6022 ,- 88.1458 ,- 81.8006 ,- 75.5376 ,- 67.9529 ,- 200.4461 , 31.3249 ,- 65.1321 ,
04-01-2022 ,12:42:29 ,       12580.926, 250  ,           10  , 32  , 111  ,- 45.4028 ,- 192.4965 ,- 262.7475 ,- 166.9842 ,- 178.8691 ,- 176.2785 ,- 175.7623 ,- 172.6423 ,- 166.1820 ,- 159.0149 ,- 151.0817 ,- 132.2631 ,- 107.2340 ,- 87.7447 ,- 67.2033 , 19.1507 ,- 19.5222 ,- 37.9332 ,- 46.9644 ,- 58.0932 ,- 77.4280 ,- 84.7102 ,- 87.8959 ,- 88.7639 ,- 89.6976 ,- 87.2910 ,- 81.5179 ,- 75.8302 ,- 67.9529 ,- 199.1541 , 29.6384 ,- 65.7041 ,
04-01-2022 ,12:42:29 ,       12581.441, 250  ,           10  , 32  , 111  ,- 59.5463 ,- 200.6730 ,- 266.5086 ,- 167.8489 ,- 175.5026 ,- 169.4763 ,- 173.3952 ,- 170.4527 ,- 163.7590 ,- 156.6182 ,- 148.7738 ,- 130.2839 ,- 105.8401 ,- 85.9628 ,- 67.2954 , 20.8110 ,- 15.7940 ,- 34.9841 ,- 45.1134 ,- 57.0411 ,- 77.4280 ,- 85.7918 ,- 88.4910 ,- 90.5063 ,- 90.9568 ,- 89.6647 ,- 83.5825 ,- 77.4905 ,- 70.6817 ,- 202.6292 , 30.9271 ,- 65.9935 ,
04-01-2022 ,12:42:30 ,       12581.956, 250  ,           10  , 32  , 111  ,- 54.1085 ,- 198.3913 ,- 265.1508 ,- 166.5009 ,- 173.8193 ,- 174.9963 ,- 173.0993 ,- 170.3541 ,- 163.6637 ,- 156.3223 ,- 148.4713 ,- 129.9913 ,- 105.9420 ,- 86.5579 ,- 67.6768 , 19.1507 ,- 19.8148 ,- 38.7880 ,- 48.3288 ,- 59.5825 ,- 79.1277 ,- 86.3803 ,- 89.3853 ,- 90.3124 ,- 91.3447 ,- 89.0006 ,- 83.1157 ,- 77.0992 ,- 69.3173 ,- 201.5376 , 29.8356 ,- 66.6641 ,
04-01-2022 ,12:42:30 ,       12582.421, 250  ,           10  , 32  , 111  ,- 49.5584 ,- 198.7694 ,- 269.1223 ,- 170.0615 ,- 179.1683 ,- 176.5743 ,- 176.3574 ,- 173.5398 ,- 167.0532 ,- 159.8138 ,- 151.8806 ,- 133.1508 ,- 108.4242 ,- 88.3365 ,- 69.8631 , 19.5386 ,- 21.3863 ,- 40.4022 ,- 49.6932 ,- 60.8088 ,- 80.4526 ,- 88.3431 ,- 90.5787 ,- 92.2455 ,- 92.5053 ,- 90.6181 ,- 84.5228 ,- 78.1743 ,- 69.9518 ,- 203.2242 , 30.0362 ,- 67.6209 ,
04-01-2022 ,12:42:31 ,       12582.937, 250  ,           10  , 32  , 111  ,- 62.6137 ,- 202.9546 ,- 269.8522 ,- 170.1601 ,- 178.2774 ,- 172.9250 ,- 176.1601 ,- 172.8428 ,- 166.0834 ,- 158.9162 ,- 150.9798 ,- 132.3584 ,- 107.7272 ,- 88.2379 ,- 69.1989 , 20.2225 ,- 17.2636 ,- 37.5518 ,- 48.1348 ,- 60.2861 ,- 80.9261 ,- 88.7343 ,- 91.8740 ,- 92.9228 ,- 94.0570 ,- 91.8510 ,- 86.1206 ,- 79.5420 ,- 72.1381 ,- 205.6045 , 30.8285 ,- 67.5255 ,
04-01-2022 ,12:42:31 ,       12583.451, 250  ,           10  , 32  , 111  ,- 55.7885 ,- 201.2417 ,- 269.3327 ,- 169.3875 ,- 177.8795 ,- 175.6867 ,- 175.8642 ,- 172.6423 ,- 166.3760 ,- 158.9162 ,- 151.0817 ,- 132.6576 ,- 108.1283 ,- 88.5370 ,- 69.8631 , 20.5184 ,- 18.8351 ,- 38.7880 ,- 48.8187 ,- 60.4603 ,- 80.5480 ,- 89.0302 ,- 91.2757 ,- 93.1168 ,- 93.3798 ,- 91.2822 ,- 84.8055 ,- 78.4669 ,- 69.7710 ,- 204.2171 , 30.2334 ,- 67.3348 ,
04-01-2022 ,12:42:32 ,       12583.966, 250  ,           10  , 32  , 111  ,- 55.4926 ,- 202.1919 ,- 271.6308 ,- 171.6987 ,- 180.4538 ,- 175.7853 ,- 178.0374 ,- 174.9338 ,- 167.7305 ,- 160.6094 ,- 152.4856 ,- 133.2494 ,- 108.3255 ,- 88.3365 ,- 69.1036 , 20.0285 ,- 19.7162 ,- 39.5474 ,- 49.4992 ,- 61.3348 ,- 81.5869 ,- 89.2274 ,- 92.4691 ,- 93.2154 ,- 94.5403 ,- 92.3244 ,- 86.5874 ,- 79.9332 ,- 72.4998 ,- 206.3015 , 31.9200 ,- 68.1962 ,
04-01-2022 ,12:42:32 ,       12584.432, 250  ,           10  , 32  , 111  ,- 49.7556 ,- 201.2417 ,- 272.4659 ,- 172.6620 ,- 183.7217 ,- 179.9278 ,- 181.0982 ,- 178.0176 ,- 171.8006 ,- 164.6039 ,- 156.4965 ,- 137.4971 ,- 112.1031 ,- 91.5025 ,- 71.1946 , 19.5386 ,- 21.6789 ,- 41.0696 ,- 50.5710 ,- 61.8609 ,- 81.3995 ,- 89.3228 ,- 91.5748 ,- 93.2154 ,- 93.1858 ,- 90.9009 ,- 84.6181 ,- 78.2729 ,- 69.8631 ,- 206.4001 , 30.5293 ,- 69.0576 ,
04-01-2022 ,12:42:33 ,       12584.946, 250  ,           10  , 32  , 111  ,- 57.2746 ,- 196.6785 ,- 267.8697 ,- 171.6034 ,- 184.8100 ,- 177.1661 ,- 181.5913 ,- 178.2149 ,- 171.4127 ,- 164.2028 ,- 156.0921 ,- 137.1025 ,- 111.8039 ,- 91.0094 ,- 71.4806 , 15.8269 ,- 20.6006 ,- 39.6428 ,- 49.2066 ,- 60.8976 ,- 81.4916 ,- 89.3228 ,- 92.6696 ,- 93.6987 ,- 95.0269 ,- 93.1825 ,- 87.3403 ,- 80.7157 ,- 73.1376 ,- 202.9250 , 30.0362 ,- 68.9622 ,
04-01-2022 ,12:42:33 ,       12585.461, 250  ,           10  , 32  , 111  ,- 59.6450 ,- 205.2363 ,- 274.0341 ,- 172.5667 ,- 181.3448 ,- 177.4620 ,- 179.5168 ,- 176.0253 ,- 169.7656 ,- 162.6050 ,- 154.5897 ,- 136.2149 ,- 111.1069 ,- 90.8121 ,- 70.8132 , 21.1036 ,- 17.9507 ,- 37.9332 ,- 47.9408 ,- 60.1085 ,- 80.8307 ,- 89.5201 ,- 91.9726 ,- 93.8927 ,- 94.2510 ,- 92.0417 ,- 85.7458 ,- 79.4466 ,- 71.3162 ,- 207.6889 , 30.8285 ,- 69.2483 ,
04-01-2022 ,12:42:34 ,       12585.927, 250  ,           10  , 32  , 111  ,- 52.6225 ,- 204.1908 ,- 276.0199 ,- 175.1639 ,- 187.6801 ,- 183.4785 ,- 184.7508 ,- 181.2034 ,- 174.2204 ,- 167.0960 ,- 159.0017 ,- 139.1771 ,- 113.3951 ,- 93.0872 ,- 71.8587 , 19.0521 ,- 21.3863 ,- 40.8789 ,- 50.4724 ,- 62.1239 ,- 82.3431 ,- 90.0099 ,- 93.1661 ,- 93.9880 ,- 95.3162 ,- 93.3699 ,- 87.0576 ,- 80.3244 ,- 72.0461 ,- 208.9809 , 29.6384 ,- 70.0176 ,
04-01-2022 ,12:42:34 ,       12586.441, 250  ,           10  , 32  , 111  ,- 59.1518 ,- 204.9502 ,- 273.0938 ,- 171.9880 ,- 180.6511 ,- 179.4346 ,- 178.8264 ,- 176.0253 ,- 169.1837 ,- 161.9080 ,- 153.6888 ,- 135.1266 ,- 109.6176 ,- 89.4247 ,- 70.7211 , 20.0285 ,- 19.9134 ,- 40.3069 ,- 50.3770 ,- 62.4757 ,- 82.7211 ,- 90.7957 ,- 93.4620 ,- 95.0532 ,- 95.3162 ,- 92.9918 ,- 86.6828 ,- 80.2258 ,- 72.4998 ,- 208.3859 , 31.5222 ,- 70.0176 ,
04-01-2022 ,12:42:35 ,       12586.955, 250  ,           10  , 32  , 111  ,- 61.3283 ,- 207.7086 ,- 276.3322 ,- 173.6253 ,- 181.1475 ,- 178.8428 ,- 178.5305 ,- 175.4302 ,- 168.7004 ,- 161.4083 ,- 153.1858 ,- 134.2357 ,- 109.5190 ,- 89.2274 ,- 70.1491 , 21.8860 ,- 16.4811 ,- 36.7891 ,- 46.9644 ,- 59.4083 ,- 80.1699 ,- 88.2444 ,- 91.5748 ,- 92.7288 ,- 94.0570 ,- 92.4198 ,- 86.4000 ,- 79.7392 ,- 72.4998 ,- 209.9738 , 31.3249 ,- 68.6762 ,
04-01-2022 ,12:42:35 ,       12587.47, 250  ,            10  , 32  , 111  ,- 78.9370 ,- 217.9760 ,- 283.3350 ,- 177.8598 ,- 182.6335 ,- 174.6017 ,- 179.7141 ,- 175.9267 ,- 169.0883 ,- 161.7075 ,- 153.0872 ,- 134.7321 ,- 109.7162 ,- 89.4247 ,- 70.4351 , 21.5901 ,- 13.8312 ,- 35.0795 ,- 46.4778 ,- 59.5825 ,- 81.0214 ,- 89.4214 ,- 92.1699 ,- 94.1820 ,- 94.8329 ,- 92.7058 ,- 86.4954 ,- 80.7157 ,- 73.8642 ,- 216.7234 , 30.8285 ,- 69.3469 ,
04-01-2022 ,12:42:36 ,       12587.935, 250  ,           10  , 32  , 111  ,- 49.4598 ,- 194.6828 ,- 263.8982 ,- 167.4642 ,- 178.7705 ,- 172.9250 ,- 175.9628 ,- 173.0401 ,- 166.5699 ,- 159.5146 ,- 151.3809 ,- 133.0521 ,- 108.6247 ,- 88.8329 ,- 70.2444 , 16.3167 ,- 23.4444 ,- 42.4965 ,- 51.6428 ,- 63.0017 ,- 82.5337 ,- 90.0099 ,- 92.9655 ,- 93.8927 ,- 94.6390 ,- 92.9918 ,- 86.7781 ,- 79.6406 ,- 71.5924 ,- 200.1470 , 31.8181 ,- 68.0055 ,
04-01-2022 ,12:42:36 ,       12588.45, 250  ,            10  , 32  , 111  ,- 55.2954 ,- 198.4867 ,- 269.4347 ,- 171.6987 ,- 183.2253 ,- 177.2648 ,- 179.4182 ,- 175.8280 ,- 169.6702 ,- 162.1086 ,- 154.1886 ,- 135.4225 ,- 110.3146 ,- 90.0198 ,- 70.5272 , 17.3918 ,- 21.7775 ,- 40.8789 ,- 50.3770 ,- 61.7754 ,- 81.7776 ,- 89.7173 ,- 92.3705 ,- 93.9880 ,- 94.3464 ,- 91.5650 ,- 85.7458 ,- 79.6406 ,- 71.9540 ,- 204.3157 , 32.1173 ,- 68.1962 ,
04-01-2022 ,12:42:37 ,       12588.965, 250  ,           10  , 32  , 111  ,- 45.6000 ,- 198.2007 ,- 273.3010 ,- 174.8746 ,- 186.7891 ,- 179.0401 ,- 183.2713 ,- 180.3058 ,- 173.4445 ,- 166.0998 ,- 157.7984 ,- 138.1875 ,- 112.6981 ,- 92.1962 ,- 72.4307 , 18.0756 ,- 24.6247 ,- 43.9200 ,- 53.2998 ,- 64.4910 ,- 84.4242 ,- 92.2685 ,- 95.2537 ,- 96.3091 ,- 97.0587 ,- 95.4609 ,- 89.0302 ,- 81.4981 ,- 73.9562 ,- 206.0023 , 32.0186 ,- 69.9189 ,
04-01-2022 ,12:42:37 ,       12589.48, 250  ,            10  , 32  , 111  ,- 63.6033 ,- 207.9913 ,- 275.9147 ,- 173.5300 ,- 181.2461 ,- 175.9826 ,- 179.0237 ,- 175.7294 ,- 169.0883 ,- 161.7075 ,- 153.4883 ,- 134.6302 ,- 109.7162 ,- 89.1288 ,- 69.8631 , 21.3962 ,- 16.3825 ,- 36.6017 ,- 46.9644 ,- 59.4083 ,- 80.4526 ,- 89.0302 ,- 92.0713 ,- 93.7940 ,- 94.7343 ,- 92.2324 ,- 86.4954 ,- 80.7157 ,- 73.0455 ,- 209.9738 , 31.1244 ,- 69.3469 ,
04-01-2022 ,12:42:38 ,       12589.945, 250  ,           10  , 32  , 111  ,- 53.3162 ,- 196.9645 ,- 266.0911 ,- 168.6182 ,- 178.6719 ,- 173.6154 ,- 176.6532 ,- 173.6384 ,- 167.2472 ,- 160.4121 ,- 152.3836 ,- 133.8412 ,- 109.2198 ,- 88.8329 ,- 70.5272 , 18.2696 ,- 20.9918 ,- 40.6882 ,- 50.4724 ,- 62.5611 ,- 83.3853 ,- 91.2888 ,- 94.3595 ,- 95.4379 ,- 96.2861 ,- 94.6061 ,- 87.9979 ,- 80.9096 ,- 73.0455 ,- 201.5376 , 31.2230 ,- 68.1962 ,
04-01-2022 ,12:42:38 ,       12590.46, 250  ,            10  , 32  , 111  ,- 69.5376 ,- 209.8916 ,- 274.7640 ,- 171.8927 ,- 176.8900 ,- 174.3058 ,- 176.1601 ,- 172.6423 ,- 165.9880 ,- 158.5152 ,- 150.3782 ,- 132.1645 ,- 107.5299 ,- 87.8433 ,- 69.0083 , 23.4477 ,- 13.2427 ,- 33.9386 ,- 44.8241 ,- 57.3929 ,- 78.8450 ,- 87.1661 ,- 89.9836 ,- 91.9562 ,- 92.7025 ,- 90.3321 ,- 84.8055 ,- 78.9568 ,- 72.0461 ,- 209.9738 , 29.7370 ,- 67.9069 ,
04-01-2022 ,12:42:39 ,       12590.975, 250  ,           10  , 32  , 111  ,- 61.9233 ,- 204.9502 ,- 273.1990 ,- 172.3727 ,- 180.5524 ,- 175.2921 ,- 177.7382 ,- 174.1349 ,- 167.7305 ,- 160.2116 ,- 151.8806 ,- 133.1508 ,- 108.3255 ,- 88.0406 ,- 69.3896 , 22.7638 ,- 15.4981 ,- 36.0296 ,- 46.3825 ,- 58.7080 ,- 79.6011 ,- 87.9485 ,- 90.7792 ,- 92.2455 ,- 93.1858 ,- 91.5650 ,- 85.3677 ,- 78.5655 ,- 70.7704 ,- 207.4916 , 30.2334 ,- 67.7162 ,
04-01-2022 ,12:42:39 ,       12591.44, 250  ,            10  , 32  , 111  ,- 51.4356 ,- 199.8182 ,- 269.2275 ,- 170.1601 ,- 179.0697 ,- 178.7442 ,- 176.8505 ,- 173.5398 ,- 166.8593 ,- 159.7119 ,- 151.6834 ,- 133.2494 ,- 108.9206 ,- 89.5233 ,- 70.4351 , 18.6608 ,- 21.6789 ,- 41.0696 ,- 50.6696 ,- 62.2126 ,- 82.4384 ,- 90.2072 ,- 92.9655 ,- 94.4713 ,- 95.3162 ,- 92.7058 ,- 86.8702 ,- 80.7157 ,- 71.6811 ,- 204.5163 , 30.2334 ,- 68.6762 ,
04-01-2022 ,12:42:40 ,       12591.955, 250  ,           10  , 32  , 111  ,- 58.5600 ,- 201.1464 ,- 268.4944 ,- 169.3875 ,- 177.9782 ,- 176.9689 ,- 175.3678 ,- 171.9453 ,- 165.6001 ,- 158.4165 ,- 150.4801 ,- 131.9672 ,- 107.2340 ,- 87.4455 ,- 69.5803 , 18.6608 ,- 19.7162 ,- 38.9754 ,- 48.4274 ,- 59.9343 ,- 79.6011 ,- 87.3600 ,- 90.1809 ,- 91.4729 ,- 92.0220 ,- 90.4242 ,- 84.2400 ,- 77.6844 ,- 69.8631 ,- 204.3157 , 29.9343 ,- 66.9502 ,
04-01-2022 ,12:42:40 ,       12592.47, 250  ,            10  , 32  , 111  ,- 49.9529 ,- 196.3957 ,- 267.3470 ,- 170.1601 ,- 179.9574 ,- 175.4894 ,- 177.2450 ,- 173.5398 ,- 166.9546 ,- 159.7119 ,- 151.5815 ,- 132.7562 ,- 107.7272 ,- 87.4455 ,- 68.3441 , 19.8345 ,- 19.4236 ,- 38.6926 ,- 48.2335 ,- 59.7600 ,- 79.8839 ,- 87.7546 ,- 90.6806 ,- 91.9562 ,- 92.8965 ,- 90.6181 ,- 84.9929 ,- 78.9568 ,- 70.9546 ,- 201.8368 , 28.9447 ,- 67.4302 ,
04-01-2022 ,12:42:41 ,       12592.985, 250  ,           10  , 32  , 111  ,- 52.7211 ,- 193.8280 ,- 261.3897 ,- 165.5409 ,- 176.0976 ,- 170.7585 ,- 173.6911 ,- 171.0511 ,- 164.9195 ,- 157.9168 ,- 150.2795 ,- 131.6680 ,- 106.9349 ,- 87.1496 ,- 68.6269 , 17.3918 ,- 20.3047 ,- 38.8800 ,- 48.1348 ,- 59.4937 ,- 78.8450 ,- 86.6729 ,- 89.5858 ,- 90.9896 ,- 91.4433 ,- 90.0461 ,- 83.4905 ,- 76.9052 ,- 69.5902 ,- 198.0626 , 29.5397 ,- 65.8981 ,
04-01-2022 ,12:42:41 ,       12593.45, 250  ,            10  , 32  , 111  ,- 54.9962 ,- 199.4368 ,- 268.5996 ,- 169.2921 ,- 177.1859 ,- 173.6154 ,- 174.9733 ,- 171.5475 ,- 164.4362 ,- 157.3184 ,- 149.2768 ,- 130.5798 ,- 106.2379 ,- 86.8537 ,- 68.2488 , 20.9063 ,- 16.6751 ,- 36.3156 ,- 46.1852 ,- 58.0932 ,- 78.4669 ,- 86.4790 ,- 89.6844 ,- 90.9896 ,- 92.5053 ,- 90.0461 ,- 84.7102 ,- 78.4669 ,- 69.4061 ,- 203.3228 , 29.5397 ,- 66.8548 ,
04-01-2022 ,12:42:42 ,       12593.965, 250  ,           10  , 32  , 111  ,- 58.8559 ,- 203.1453 ,- 270.6906 ,- 170.5448 ,- 178.7705 ,- 176.3771 ,- 176.6532 ,- 173.4379 ,- 166.9546 ,- 159.8138 ,- 151.6834 ,- 133.0521 ,- 108.4242 ,- 88.1392 ,- 69.7677 , 20.4197 ,- 17.9507 ,- 37.8378 ,- 47.8422 ,- 59.8455 ,- 80.3573 ,- 88.5403 ,- 91.1770 ,- 92.8274 ,- 93.2844 ,- 91.8510 ,- 85.3677 ,- 78.3716 ,- 70.9546 ,- 205.9037 , 31.1244 ,- 67.6209 ,
