04-01-2022 ,13:06:16 ,       14008.595, 250  ,           10  , 32  , 111  ,- 252.2467 ,- 667.6014 ,- 876.8914 ,- 560.8606 ,- 566.4365 ,- 531.2847 ,- 551.3954 ,- 537.2913 ,- 513.6627 ,- 489.3931 ,- 462.6216 ,- 402.7597 ,- 324.2993 ,- 261.0379 ,- 202.6193 , 68.5447 ,- 22.8329 ,- 79.0751 ,- 110.0614 ,- 146.7453 ,- 209.4576 ,- 234.4801 ,- 244.1755 ,- 250.7574 ,- 255.2779 ,- 252.4604 ,- 241.7919 ,- 227.9081 ,- 214.0045 ,- 672.8058 , 83.4806 ,- 200.5152 ,
04-01-2022 ,13:06:17 ,       14009.06, 250  ,            10  , 32  , 111  ,- 280.3563 ,- 686.9724 ,- 889.7101 ,- 568.3795 ,- 561.8765 ,- 524.4726 ,- 545.7603 ,- 530.0189 ,- 506.1898 ,- 481.5027 ,- 454.8923 ,- 395.3460 ,- 317.9377 ,- 255.1990 ,- 198.6248 , 73.7228 ,- 11.4543 ,- 70.1392 ,- 102.5590 ,- 141.2220 ,- 205.3941 ,- 231.0445 ,- 240.8944 ,- 248.0484 ,- 253.1475 ,- 251.6056 ,- 240.9470 ,- 227.3229 ,- 214.6423 ,- 688.7116 , 87.5442 ,- 198.1217 ,
04-01-2022 ,13:06:17 ,       14009.574, 250  ,           10  , 32  , 111  ,- 273.9223 ,- 684.8716 ,- 889.6049 ,- 568.5734 ,- 569.0140 ,- 527.0403 ,- 554.1636 ,- 539.0863 ,- 514.5340 ,- 489.7943 ,- 462.6216 ,- 401.9706 ,- 321.9158 ,- 257.5728 ,- 202.0472 , 70.9874 ,- 19.4006 ,- 76.8888 ,- 108.3091 ,- 145.1672 ,- 206.8111 ,- 231.5344 ,- 241.1903 ,- 247.3711 ,- 251.7897 ,- 249.0379 ,- 238.9744 ,- 226.2478 ,- 214.2774 ,- 687.0217 , 82.8855 ,- 201.4752 ,
04-01-2022 ,13:06:18 ,       14010.09, 250  ,            10  , 32  , 111  ,- 289.9563 ,- 690.9801 ,- 898.2219 ,- 574.7411 ,- 574.3663 ,- 536.2228 ,- 558.8124 ,- 542.6765 ,- 518.3214 ,- 493.2890 ,- 465.9323 ,- 405.2320 ,- 325.5947 ,- 261.1366 ,- 204.6149 , 67.1770 ,- 17.4378 ,- 74.6072 ,- 106.8461 ,- 144.9042 ,- 208.3234 ,- 233.4971 ,- 243.1826 ,- 250.2774 ,- 255.2779 ,- 253.8840 ,- 243.2023 ,- 229.8642 ,- 217.0094 ,- 690.5034 , 83.3787 ,- 201.5705 ,
04-01-2022 ,13:06:18 ,       14010.604, 250  ,           10  , 32  , 111  ,- 283.4237 ,- 708.5396 ,- 919.5588 ,- 588.1384 ,- 587.0568 ,- 546.2896 ,- 571.5685 ,- 556.0310 ,- 530.9395 ,- 505.6803 ,- 477.9783 ,- 415.6112 ,- 333.9454 ,- 266.9755 ,- 205.2790 , 76.5535 ,- 14.2981 ,- 74.0384 ,- 107.2373 ,- 146.4823 ,- 212.5809 ,- 238.6062 ,- 249.1464 ,- 255.5968 ,- 260.5119 ,- 257.4971 ,- 247.2429 ,- 233.3820 ,- 222.0166 ,- 713.3724 , 83.6779 ,- 207.3174 ,
04-01-2022 ,13:06:19 ,       14011.069, 250  ,           10  , 32  , 111  ,- 294.6084 ,- 721.6179 ,- 929.7539 ,- 594.9833 ,- 587.7504 ,- 545.4019 ,- 571.5685 ,- 555.3340 ,- 530.6469 ,- 504.8814 ,- 476.7718 ,- 415.3153 ,- 334.1459 ,- 268.8560 ,- 208.1327 , 79.8773 ,- 12.3386 ,- 74.1337 ,- 108.2105 ,- 148.2346 ,- 214.2807 ,- 241.0588 ,- 250.9382 ,- 258.0166 ,- 262.9349 ,- 261.2023 ,- 250.5305 ,- 236.5119 ,- 224.8407 ,- 724.1133 , 87.6428 ,- 208.7574 ,
04-01-2022 ,13:06:19 ,       14011.584, 250  ,           10  , 32  , 111  ,- 323.2177 ,- 732.7861 ,- 933.4328 ,- 599.4184 ,- 586.9581 ,- 545.0074 ,- 570.6776 ,- 554.2392 ,- 528.1219 ,- 502.3827 ,- 473.7635 ,- 411.7580 ,- 329.5728 ,- 263.7108 ,- 207.8467 , 74.6992 ,- 10.6718 ,- 71.6614 ,- 106.3595 ,- 147.3601 ,- 215.1322 ,- 241.7459 ,- 252.5294 ,- 259.7558 ,- 265.3579 ,- 263.0073 ,- 252.5031 ,- 239.2505 ,- 231.0314 ,- 721.7264 , 85.7589 ,- 209.8094 ,
04-01-2022 ,13:06:20 ,       14012.1, 250  ,             10  , 32  , 111  ,- 299.3591 ,- 717.8963 ,- 925.8646 ,- 593.6354 ,- 589.7362 ,- 551.3263 ,- 573.4458 ,- 557.4282 ,- 532.2019 ,- 506.6797 ,- 479.0797 ,- 417.1958 ,- 336.1350 ,- 270.3388 ,- 211.6505 , 71.9639 ,- 18.0263 ,- 78.5063 ,- 112.3036 ,- 152.4428 ,- 219.5771 ,- 246.2632 ,- 256.4089 ,- 263.7240 ,- 268.3596 ,- 266.4297 ,- 254.1010 ,- 240.2270 ,- 229.4829 ,- 713.6683 , 84.8680 ,- 211.3415 ,
04-01-2022 ,13:06:20 ,       14012.564, 250  ,           10  , 32  , 111  ,- 295.1048 ,- 709.4963 ,- 913.3583 ,- 584.5746 ,- 579.4228 ,- 534.6414 ,- 563.7570 ,- 547.7592 ,- 523.0754 ,- 497.5860 ,- 469.7460 ,- 408.4934 ,- 327.7810 ,- 262.9152 ,- 205.9464 , 76.3595 ,- 13.4170 ,- 74.0384 ,- 107.7239 ,- 147.0971 ,- 212.8637 ,- 238.7015 ,- 249.0478 ,- 255.4029 ,- 260.7059 ,- 258.2566 ,- 248.0878 ,- 234.5557 ,- 220.9250 ,- 710.7850 , 85.5617 ,- 207.4160 ,
04-01-2022 ,13:06:21 ,       14013.079, 250  ,           10  , 32  , 111  ,- 294.6084 ,- 709.7823 ,- 915.2487 ,- 585.6332 ,- 579.1269 ,- 538.9844 ,- 563.2606 ,- 547.1608 ,- 522.4934 ,- 496.8857 ,- 469.2430 ,- 408.1975 ,- 327.5837 ,- 263.5103 ,- 204.8056 , 75.4817 ,- 13.7096 ,- 73.6570 ,- 106.8461 ,- 146.0450 ,- 211.0653 ,- 237.2286 ,- 246.9601 ,- 253.9530 ,- 258.4768 ,- 256.6423 ,- 245.7404 ,- 232.3070 ,- 222.6544 ,- 705.8141 , 85.1639 ,- 205.1146 ,
04-01-2022 ,13:06:21 ,       14013.595, 250  ,           10  , 32  , 111  ,- 298.0736 ,- 714.9374 ,- 920.2920 ,- 589.0063 ,- 580.0178 ,- 541.4534 ,- 563.5565 ,- 548.0583 ,- 522.6874 ,- 497.3855 ,- 469.5455 ,- 407.9016 ,- 326.8867 ,- 261.2352 ,- 200.4330 , 79.9726 ,- 8.1206 ,- 69.1891 ,- 103.0455 ,- 142.4483 ,- 207.3798 ,- 232.6160 ,- 243.0807 ,- 249.1136 ,- 254.3114 ,- 251.9837 ,- 242.0746 ,- 228.4966 ,- 219.1037 ,- 713.2738 , 88.9316 ,- 202.9119 ,
04-01-2022 ,13:06:22 ,       14014.109, 250  ,           10  , 32  , 111  ,- 295.4007 ,- 692.0289 ,- 901.2695 ,- 577.8250 ,- 577.9368 ,- 544.8102 ,- 562.4683 ,- 546.5625 ,- 522.6874 ,- 497.1882 ,- 469.8479 ,- 408.0988 ,- 327.2845 ,- 261.6330 ,- 203.9508 , 68.2521 ,- 14.5940 ,- 71.5661 ,- 103.9233 ,- 142.7113 ,- 207.9453 ,- 233.9903 ,- 244.0768 ,- 251.5333 ,- 256.2478 ,- 254.2653 ,- 243.2023 ,- 230.1568 ,- 220.4681 ,- 682.9450 , 85.4598 ,- 203.6779 ,
04-01-2022 ,13:06:22 ,       14014.574, 250  ,           10  , 32  , 111  ,- 289.3645 ,- 700.3335 ,- 903.5807 ,- 576.7664 ,- 568.0211 ,- 530.5942 ,- 551.9871 ,- 535.8973 ,- 512.0123 ,- 487.0984 ,- 460.3104 ,- 399.1005 ,- 319.9268 ,- 255.5936 ,- 200.4330 , 81.0477 ,- 4.4877 ,- 64.4351 ,- 98.0779 ,- 137.9803 ,- 204.1612 ,- 229.8675 ,- 240.5952 ,- 247.0818 ,- 252.1777 ,- 249.8927 ,- 239.1618 ,- 225.6626 ,- 214.2774 ,- 691.9927 , 85.4598 ,- 197.3557 ,
04-01-2022 ,13:06:23 ,       14015.09, 250  ,            10  , 32  , 111  ,- 303.2221 ,- 711.5018 ,- 913.1446 ,- 583.5126 ,- 572.4825 ,- 533.0633 ,- 556.5373 ,- 539.5861 ,- 514.7280 ,- 489.7943 ,- 462.2172 ,- 401.7701 ,- 322.5109 ,- 259.1574 ,- 201.4785 , 81.3403 ,- 5.5693 ,- 66.9074 ,- 101.2932 ,- 141.5738 ,- 208.0407 ,- 234.7760 ,- 244.8725 ,- 252.2105 ,- 257.1223 ,- 255.3108 ,- 244.4220 ,- 231.0379 ,- 219.1924 ,- 709.5949 , 81.4981 ,- 202.7212 ,
04-01-2022 ,13:06:23 ,       14015.604, 250  ,           10  , 32  , 111  ,- 273.5278 ,- 685.8250 ,- 891.3934 ,- 569.6321 ,- 566.7324 ,- 527.8293 ,- 551.0009 ,- 534.9998 ,- 511.0425 ,- 486.1975 ,- 458.9066 ,- 398.7060 ,- 319.4270 ,- 255.3963 ,- 197.7700 , 76.0669 ,- 13.0258 ,- 71.5661 ,- 104.1173 ,- 142.4483 ,- 206.0549 ,- 231.1431 ,- 241.3908 ,- 247.4697 ,- 252.6610 ,- 250.5601 ,- 240.1021 ,- 225.9552 ,- 214.0933 ,- 689.2113 , 85.9562 ,- 198.4078 ,
04-01-2022 ,13:06:24 ,       14016.119, 250  ,           10  , 32  , 111  ,- 284.8111 ,- 658.1559 ,- 845.5928 ,- 540.5263 ,- 533.3263 ,- 501.3767 ,- 518.3707 ,- 503.7077 ,- 481.2496 ,- 457.4271 ,- 432.4112 ,- 375.8731 ,- 301.0325 ,- 239.8620 ,- 185.1256 , 74.0154 ,- 5.4707 ,- 62.0581 ,- 93.9847 ,- 131.3162 ,- 193.5716 ,- 218.1831 ,- 227.9640 ,- 234.7004 ,- 238.7081 ,- 236.6829 ,- 225.8204 ,- 213.2450 ,- 201.8039 ,- 649.6409 , 88.2379 ,- 186.5294 ,
04-01-2022 ,13:06:24 ,       14016.585, 250  ,           10  , 32  , 111  ,- 249.1793 ,- 640.0343 ,- 837.3999 ,- 534.1680 ,- 536.7948 ,- 497.8227 ,- 522.1285 ,- 508.2907 ,- 486.0035 ,- 462.0233 ,- 436.5241 ,- 379.1345 ,- 304.0177 ,- 242.1371 ,- 185.9804 , 71.0861 ,- 13.3184 ,- 67.7622 ,- 97.8806 ,- 133.8576 ,- 193.5716 ,- 217.3974 ,- 226.9678 ,- 233.0566 ,- 238.3201 ,- 236.4001 ,- 226.3859 ,- 212.9557 ,- 201.2582 ,- 641.9872 , 85.9562 ,- 185.5694 ,
04-01-2022 ,13:06:25 ,       14017.1, 250  ,             10  , 32  , 111  ,- 256.8988 ,- 633.7384 ,- 828.4739 ,- 531.1794 ,- 537.1926 ,- 506.1143 ,- 523.3154 ,- 508.8890 ,- 486.5855 ,- 463.5192 ,- 437.8293 ,- 380.6172 ,- 304.3136 ,- 243.6199 ,- 191.2111 , 62.0976 ,- 17.5364 ,- 70.4252 ,- 100.2181 ,- 135.6132 ,- 196.3135 ,- 220.6357 ,- 230.0516 ,- 236.7322 ,- 240.6478 ,- 239.0599 ,- 228.4505 ,- 215.5924 ,- 204.4439 ,- 626.4825 , 84.0724 ,- 189.0215 ,
04-01-2022 ,13:06:25 ,       14017.614, 250  ,           10  , 32  , 111  ,- 300.3519 ,- 683.1555 ,- 869.0142 ,- 554.3082 ,- 542.2491 ,- 504.0397 ,- 526.5767 ,- 510.9800 ,- 487.2660 ,- 463.5192 ,- 437.2276 ,- 380.0254 ,- 305.5070 ,- 244.6127 ,- 191.2111 , 75.2844 ,- 4.5896 ,- 63.0115 ,- 96.1283 ,- 134.7354 ,- 198.2039 ,- 223.0916 ,- 233.1355 ,- 239.3426 ,- 244.4253 ,- 242.8604 ,- 232.7738 ,- 219.9913 ,- 211.4533 ,- 676.0869 , 85.3611 ,- 192.0856 ,
04-01-2022 ,13:06:26 ,       14018.078, 250  ,           10  , 32  , 111  ,- 271.0522 ,- 674.2820 ,- 874.1594 ,- 558.7433 ,- 556.6227 ,- 517.7625 ,- 542.0025 ,- 527.0272 ,- 503.0830 ,- 479.0041 ,- 452.7849 ,- 394.0605 ,- 316.4451 ,- 253.7130 ,- 196.2478 , 70.9874 ,- 13.2197 ,- 69.8565 ,- 101.6812 ,- 138.9436 ,- 201.4193 ,- 226.7245 ,- 236.3179 ,- 243.4062 ,- 248.0122 ,- 245.8062 ,- 235.6867 ,- 223.4138 ,- 209.4511 ,- 679.5653 , 83.7765 ,- 196.7804 ,
04-01-2022 ,13:06:26 ,       14018.594, 250  ,           10  , 32  , 111  ,- 298.4681 ,- 698.8047 ,- 901.7955 ,- 576.5724 ,- 573.4754 ,- 530.4956 ,- 557.7241 ,- 542.1768 ,- 517.7361 ,- 492.7893 ,- 465.8337 ,- 405.2320 ,- 325.1969 ,- 260.2456 ,- 202.1426 , 75.0905 ,- 8.0219 ,- 67.0981 ,- 100.4154 ,- 139.7327 ,- 205.4861 ,- 231.5344 ,- 242.2851 ,- 249.1136 ,- 254.6960 ,- 253.5059 ,- 243.4851 ,- 230.3541 ,- 218.2850 ,- 700.0475 , 82.4877 ,- 201.6659 ,
04-01-2022 ,13:06:27 ,       14019.108, 250  ,           10  , 32  , 111  ,- 285.9980 ,- 698.3281 ,- 904.1068 ,- 578.4990 ,- 576.9438 ,- 530.5942 ,- 562.2710 ,- 546.8616 ,- 522.4934 ,- 497.2868 ,- 469.5455 ,- 408.0988 ,- 327.3832 ,- 262.0275 ,- 203.2834 , 73.5288 ,- 12.9271 ,- 71.6614 ,- 104.6039 ,- 143.6779 ,- 209.2702 ,- 235.7557 ,- 245.7667 ,- 253.0818 ,- 257.7996 ,- 255.5968 ,- 245.2670 ,- 231.9157 ,- 219.1924 ,- 704.0256 , 84.8680 ,- 203.6779 ,
04-01-2022 ,13:06:27 ,       14019.623, 250  ,           10  , 32  , 111  ,- 277.5848 ,- 699.9489 ,- 908.9429 ,- 580.7181 ,- 577.9368 ,- 540.4672 ,- 562.0737 ,- 546.3619 ,- 521.8129 ,- 496.7871 ,- 469.0457 ,- 407.7043 ,- 326.9854 ,- 260.8374 ,- 205.2790 , 71.9639 ,- 19.2033 ,- 77.4609 ,- 109.3809 ,- 147.4456 ,- 211.0653 ,- 236.5415 ,- 246.9601 ,- 253.1771 ,- 257.8949 ,- 256.2610 ,- 244.9875 ,- 231.4292 ,- 222.3815 ,- 700.1461 , 82.2905 ,- 204.6346 ,
04-01-2022 ,13:06:28 ,       14020.088, 250  ,           10  , 32  , 111  ,- 294.8089 ,- 704.8179 ,- 909.8865 ,- 582.4507 ,- 578.8277 ,- 538.1954 ,- 563.8557 ,- 548.1570 ,- 523.4666 ,- 498.0858 ,- 470.5482 ,- 409.3843 ,- 328.0802 ,- 262.5207 ,- 201.7645 , 78.2170 ,- 7.3348 ,- 67.3841 ,- 101.2932 ,- 141.3962 ,- 208.2281 ,- 235.0686 ,- 245.4675 ,- 252.9832 ,- 257.8949 ,- 255.5968 ,- 245.1749 ,- 231.9157 ,- 220.0144 ,- 708.2009 , 86.3540 ,- 206.5513 ,
04-01-2022 ,13:06:28 ,       14020.604, 250  ,           10  , 32  , 111  ,- 273.7251 ,- 685.1577 ,- 891.0778 ,- 569.5367 ,- 568.3203 ,- 526.4485 ,- 553.3713 ,- 537.9915 ,- 514.3400 ,- 489.4951 ,- 462.8222 ,- 402.4638 ,- 323.7043 ,- 261.3338 ,- 205.5650 , 71.9639 ,- 18.0263 ,- 76.6981 ,- 108.8910 ,- 147.3601 ,- 210.9733 ,- 235.8544 ,- 245.6681 ,- 251.6286 ,- 256.5404 ,- 254.3607 ,- 242.9196 ,- 228.3026 ,- 213.0018 ,- 690.2042 , 85.5617 ,- 199.9431 ,
04-01-2022 ,13:06:29 ,       14021.118, 250  ,           10  , 32  , 111  ,- 304.2117 ,- 713.2179 ,- 912.2010 ,- 583.3187 ,- 571.7888 ,- 527.2375 ,- 556.0408 ,- 539.5861 ,- 514.6326 ,- 489.3931 ,- 461.6156 ,- 401.2769 ,- 322.0144 ,- 258.3651 ,- 201.6691 , 76.7507 ,- 10.7671 ,- 71.4707 ,- 105.1891 ,- 144.7299 ,- 210.2171 ,- 236.3442 ,- 245.9673 ,- 252.6938 ,- 257.5070 ,- 254.5514 ,- 244.5174 ,- 231.5245 ,- 220.4681 ,- 709.6935 , 86.1535 ,- 203.1026 ,
04-01-2022 ,13:06:29 ,       14021.633, 250  ,           10  , 32  , 111  ,- 308.9624 ,- 716.9396 ,- 918.8224 ,- 587.7537 ,- 579.7187 ,- 538.2940 ,- 563.6584 ,- 547.9597 ,- 522.8813 ,- 497.0863 ,- 469.3449 ,- 408.0988 ,- 327.3832 ,- 261.7317 ,- 206.1371 , 76.4581 ,- 12.1414 ,- 73.3710 ,- 107.3327 ,- 147.2713 ,- 212.2949 ,- 238.2116 ,- 247.9563 ,- 254.2423 ,- 258.8648 ,- 256.8330 ,- 245.5497 ,- 231.8204 ,- 222.2894 ,- 713.9708 , 84.4702 ,- 204.7333 ,
04-01-2022 ,13:06:30 ,       14022.099, 250  ,           10  , 32  , 111  ,- 327.5739 ,- 734.1242 ,- 938.3775 ,- 601.5389 ,- 588.5428 ,- 552.1154 ,- 572.0617 ,- 555.2354 ,- 529.9663 ,- 503.7800 ,- 475.4666 ,- 413.8326 ,- 331.8577 ,- 264.5985 ,- 208.9875 , 76.9447 ,- 6.9403 ,- 68.4296 ,- 103.3381 ,- 144.3782 ,- 213.0511 ,- 240.2730 ,- 250.8396 ,- 258.3059 ,- 263.9048 ,- 261.2977 ,- 250.8133 ,- 237.5870 ,- 228.9371 ,- 722.2228 , 84.2729 ,- 210.3848 ,
04-01-2022 ,13:06:30 ,       14022.613, 250  ,           10  , 32  , 111  ,- 279.2681 ,- 696.1352 ,- 902.3216 ,- 576.1877 ,- 573.8699 ,- 535.0359 ,- 558.7137 ,- 543.0743 ,- 519.1926 ,- 493.7921 ,- 466.6359 ,- 406.4189 ,- 326.9854 ,- 262.5207 ,- 203.2834 , 75.1858 ,- 12.6312 ,- 71.4707 ,- 104.5086 ,- 143.6779 ,- 208.5108 ,- 234.7760 ,- 244.8725 ,- 251.6286 ,- 256.5404 ,- 254.9295 ,- 244.2346 ,- 229.9629 ,- 219.6494 ,- 698.1571 , 84.8680 ,- 203.3919 ,
04-01-2022 ,13:06:31 ,       14023.128, 250  ,           10  , 32  , 111  ,- 292.0374 ,- 707.7768 ,- 914.7227 ,- 585.5378 ,- 583.1904 ,- 538.3926 ,- 568.1066 ,- 552.4442 ,- 527.4446 ,- 502.2841 ,- 474.1613 ,- 412.1526 ,- 331.3613 ,- 265.6867 ,- 206.2324 , 73.7228 ,- 13.1211 ,- 72.0395 ,- 105.1891 ,- 144.2039 ,- 209.9311 ,- 236.0516 ,- 246.7629 ,- 253.7590 ,- 258.9601 ,- 256.6423 ,- 246.9601 ,- 234.1645 ,- 220.8330 ,- 712.3796 , 90.9107 ,- 207.6067 ,
04-01-2022 ,13:06:31 ,       14023.594, 250  ,           10  , 32  , 111  ,- 287.7799 ,- 703.6738 ,- 912.9375 ,- 585.1499 ,- 581.3066 ,- 547.4764 ,- 564.7433 ,- 548.7554 ,- 524.4365 ,- 499.5849 ,- 472.6589 ,- 411.9553 ,- 331.9563 ,- 267.1728 ,- 206.6105 , 70.4976 ,- 17.7337 ,- 76.6028 ,- 109.1836 ,- 147.7086 ,- 212.2029 ,- 238.0144 ,- 248.0549 ,- 255.0149 ,- 259.6407 ,- 258.0659 ,- 246.5853 ,- 232.2083 ,- 221.3788 ,- 692.8870 , 82.0932 ,- 207.4160 ,
04-01-2022 ,13:06:32 ,       14024.108, 250  ,           10  , 32  , 111  ,- 283.3251 ,- 703.1938 ,- 909.4690 ,- 581.1981 ,- 576.4507 ,- 535.1345 ,- 560.9855 ,- 545.4677 ,- 520.4551 ,- 494.8901 ,- 467.6386 ,- 406.9120 ,- 326.9854 ,- 262.0275 ,- 202.5239 , 77.1420 ,- 12.2400 ,- 71.9474 ,- 105.0905 ,- 144.2039 ,- 209.7437 ,- 235.7557 ,- 246.0659 ,- 253.0818 ,- 258.1875 ,- 255.6922 ,- 245.6451 ,- 232.4056 ,- 219.8303 ,- 706.1133 , 83.8751 ,- 205.2100 ,
04-01-2022 ,13:06:32 ,       14024.623, 250  ,           10  , 32  , 111  ,- 293.8160 ,- 709.2070 ,- 915.1435 ,- 584.6699 ,- 579.7187 ,- 539.9740 ,- 564.3488 ,- 548.6567 ,- 523.8513 ,- 498.3849 ,- 471.3537 ,- 410.6698 ,- 329.8687 ,- 265.2922 ,- 204.0428 , 76.0669 ,- 9.9847 ,- 69.5704 ,- 103.2428 ,- 143.1519 ,- 209.5530 ,- 236.2489 ,- 246.5623 ,- 253.9530 ,- 258.8648 ,- 257.2111 ,- 246.0199 ,- 232.3070 ,- 218.5579 ,- 710.1899 , 83.7765 ,- 206.4560 ,
04-01-2022 ,13:06:33 ,       14025.139, 250  ,           10  , 32  , 111  ,- 306.4867 ,- 711.0217 ,- 915.1435 ,- 585.6332 ,- 577.8381 ,- 534.6414 ,- 562.2710 ,- 546.4639 ,- 521.5236 ,- 495.6890 ,- 467.7405 ,- 406.5175 ,- 326.0911 ,- 261.4325 ,- 203.4741 , 79.1935 ,- 4.3923 ,- 65.1978 ,- 99.7348 ,- 139.9069 ,- 207.3798 ,- 233.9903 ,- 244.5733 ,- 251.8226 ,- 257.6056 ,- 255.4062 ,- 245.3623 ,- 231.8204 ,- 216.6445 ,- 709.6935 , 83.5792 ,- 203.5826 ,
04-01-2022 ,13:06:33 ,       14025.604, 250  ,           10  , 32  , 111  ,- 291.9355 ,- 703.1938 ,- 904.6328 ,- 578.5976 ,- 569.4118 ,- 529.9039 ,- 553.1740 ,- 537.3932 ,- 512.9822 ,- 487.5981 ,- 460.4123 ,- 400.3860 ,- 322.0144 ,- 258.4637 ,- 201.7645 , 75.4817 ,- 13.6143 ,- 72.8976 ,- 105.5803 ,- 143.9409 ,- 207.8500 ,- 233.4018 ,- 243.0807 ,- 249.9848 ,- 254.6007 ,- 252.9338 ,- 241.7919 ,- 228.3979 ,- 217.6472 ,- 697.5620 , 84.9666 ,- 200.8998 ,
04-01-2022 ,13:06:34 ,       14026.118, 250  ,           10  , 32  , 111  ,- 288.1744 ,- 705.3900 ,- 911.1490 ,- 582.7433 ,- 576.2502 ,- 536.1208 ,- 560.0978 ,- 544.1724 ,- 519.1926 ,- 493.5915 ,- 466.2348 ,- 404.7389 ,- 324.8977 ,- 260.4429 ,- 202.9053 , 78.4110 ,- 10.7671 ,- 70.8066 ,- 104.1173 ,- 143.3261 ,- 208.0407 ,- 233.6944 ,- 244.1755 ,- 250.6620 ,- 255.8599 ,- 253.7886 ,- 243.5771 ,- 230.7453 ,- 219.6494 ,- 705.9160 , 85.8576 ,- 205.4039 ,
04-01-2022 ,13:06:34 ,       14026.634, 250  ,           10  , 32  , 111  ,- 314.5054 ,- 714.0760 ,- 916.6131 ,- 587.0798 ,- 579.3242 ,- 538.6885 ,- 563.5565 ,- 547.2628 ,- 522.3981 ,- 497.0863 ,- 469.5455 ,- 408.5920 ,- 327.8829 ,- 262.7180 ,- 207.5639 , 71.6713 ,- 10.4745 ,- 69.5704 ,- 103.1442 ,- 143.0631 ,- 209.3656 ,- 235.7557 ,- 245.7667 ,- 253.3711 ,- 258.0889 ,- 256.3563 ,- 245.9278 ,- 232.1130 ,- 219.7415 ,- 710.5878 , 88.7310 ,- 205.2100 ,
04-01-2022 ,13:06:35 ,       14027.148, 250  ,           10  , 32  , 111  ,- 289.8577 ,- 697.7560 ,- 898.8531 ,- 574.2578 ,- 566.6337 ,- 530.8901 ,- 550.6030 ,- 535.1017 ,- 510.4573 ,- 485.4973 ,- 458.9066 ,- 398.9032 ,- 320.1240 ,- 255.8895 ,- 198.0560 , 77.2373 ,- 9.3962 ,- 69.0937 ,- 102.4603 ,- 141.8368 ,- 207.5672 ,- 233.1059 ,- 243.1826 ,- 249.6001 ,- 254.6007 ,- 252.0790 ,- 240.9470 ,- 227.1289 ,- 217.7360 ,- 688.7116 , 85.1639 ,- 201.1859 ,
04-01-2022 ,13:06:35 ,       14027.613, 250  ,           10  , 32  , 111  ,- 272.6336 ,- 669.9883 ,- 863.2377 ,- 550.2611 ,- 547.9992 ,- 506.4101 ,- 533.2014 ,- 519.0545 ,- 496.1920 ,- 472.0112 ,- 446.2621 ,- 388.6227 ,- 312.7662 ,- 251.0434 ,- 192.5426 , 73.5288 ,- 9.7874 ,- 65.7666 ,- 97.2001 ,- 134.5612 ,- 196.8790 ,- 221.7174 ,- 231.4456 ,- 237.8927 ,- 241.9070 ,- 240.0100 ,- 228.8286 ,- 215.9837 ,- 204.1711 ,- 668.1340 , 83.3787 ,- 191.5102 ,
04-01-2022 ,13:06:36 ,       14028.128, 250  ,           10  , 32  , 111  ,- 275.4084 ,- 679.7198 ,- 881.2015 ,- 562.8858 ,- 556.7214 ,- 518.1570 ,- 540.9142 ,- 526.1296 ,- 502.1132 ,- 477.0085 ,- 450.4770 ,- 390.7005 ,- 312.4670 ,- 249.9552 ,- 194.9163 , 75.4817 ,- 10.1786 ,- 67.1935 ,- 99.0510 ,- 136.7508 ,- 199.9990 ,- 224.7585 ,- 235.2231 ,- 241.6637 ,- 247.1410 ,- 245.2374 ,- 235.0292 ,- 221.6549 ,- 209.6319 ,- 679.5653 , 84.1743 ,- 192.2763 ,
04-01-2022 ,13:06:36 ,       14028.644, 250  ,           10  , 32  , 111  ,- 277.1870 ,- 686.1110 ,- 887.3988 ,- 566.8376 ,- 557.8129 ,- 522.7959 ,- 541.4074 ,- 526.0309 ,- 502.0145 ,- 477.3076 ,- 450.4770 ,- 391.5914 ,- 313.8610 ,- 251.2407 ,- 193.2067 , 82.1228 ,- 6.4504 ,- 66.8154 ,- 100.4154 ,- 139.5551 ,- 203.5004 ,- 229.2757 ,- 238.8067 ,- 245.4379 ,- 250.0473 ,- 247.7097 ,- 236.5316 ,- 223.1212 ,- 212.5481 ,- 683.7407 , 86.3540 ,- 195.9190 ,
04-01-2022 ,13:06:37 ,       14029.108, 250  ,           10  , 32  , 111  ,- 294.2139 ,- 686.1110 ,- 877.4207 ,- 561.4392 ,- 554.0452 ,- 515.9838 ,- 539.0337 ,- 523.1411 ,- 499.7855 ,- 475.2101 ,- 448.4682 ,- 390.6019 ,- 313.6604 ,- 251.8325 ,- 197.7700 , 65.1288 ,- 16.7507 ,- 72.2335 ,- 103.4368 ,- 140.7847 ,- 203.0270 ,- 227.6089 ,- 237.8105 ,- 243.9881 ,- 249.0774 ,- 246.9470 ,- 236.6237 ,- 223.2166 ,- 214.1853 ,- 678.3719 , 87.9387 ,- 196.1097 ,
04-01-2022 ,13:06:37 ,       14029.623, 250  ,           10  , 32  , 111  ,- 272.7355 ,- 685.1577 ,- 899.1687 ,- 577.4403 ,- 579.6201 ,- 545.5992 ,- 563.7570 ,- 548.0583 ,- 523.6573 ,- 497.9871 ,- 470.6501 ,- 409.4830 ,- 329.1717 ,- 265.3908 ,- 206.5152 , 62.3935 ,- 26.3638 ,- 82.4976 ,- 113.2768 ,- 149.8127 ,- 211.5387 ,- 236.6401 ,- 245.7667 ,- 252.7892 ,- 257.2177 ,- 255.2155 ,- 244.6095 ,- 231.1366 ,- 216.0987 ,- 685.8283 , 83.9737 ,- 204.3486 ,
04-01-2022 ,13:06:38 ,       14030.139, 250  ,           10  , 32  , 111  ,- 278.8703 ,- 686.2097 ,- 886.8761 ,- 567.6102 ,- 566.7324 ,- 529.2134 ,- 551.8885 ,- 536.5942 ,- 512.8868 ,- 488.8967 ,- 462.2172 ,- 402.5624 ,- 324.4013 ,- 260.4429 ,- 200.0516 , 72.0625 ,- 14.9852 ,- 72.6115 ,- 104.7025 ,- 143.0631 ,- 207.1891 ,- 232.2215 ,- 242.7815 ,- 248.5349 ,- 253.5355 ,- 251.1289 ,- 240.0067 ,- 226.0505 ,- 213.8237 ,- 682.7477 , 81.4981 ,- 200.2291 ,
04-01-2022 ,13:06:38 ,       14030.653, 250  ,           10  , 32  , 111  ,- 271.4467 ,- 684.4902 ,- 893.1786 ,- 571.0787 ,- 571.8875 ,- 535.4304 ,- 557.0305 ,- 541.3811 ,- 517.4468 ,- 491.9904 ,- 464.8276 ,- 403.7493 ,- 322.9087 ,- 259.4533 ,- 206.6105 , 69.3272 ,- 18.7134 ,- 75.8433 ,- 107.5299 ,- 144.9930 ,- 208.2281 ,- 233.5957 ,- 243.2812 ,- 250.0801 ,- 254.4067 ,- 252.4604 ,- 242.3574 ,- 229.8642 ,- 217.0094 ,- 685.2332 , 83.0828 ,- 200.5152 ,
04-01-2022 ,13:06:39 ,       14031.118, 250  ,           10  , 32  , 111  ,- 249.6758 ,- 664.5472 ,- 876.3687 ,- 561.8271 ,- 571.0951 ,- 535.5291 ,- 556.5373 ,- 540.9800 ,- 517.9301 ,- 492.7893 ,- 466.5339 ,- 405.4293 ,- 325.7920 ,- 261.1366 ,- 204.9963 , 60.5359 ,- 30.2893 ,- 85.2559 ,- 114.9338 ,- 150.5130 ,- 211.4434 ,- 235.7557 ,- 245.5662 ,- 251.4347 ,- 256.0538 ,- 253.9793 ,- 243.4851 ,- 229.2790 ,- 216.5524 ,- 672.2108 , 80.4066 ,- 203.1979 ,
04-01-2022 ,13:06:39 ,       14031.634, 250  ,           10  , 32  , 111  ,- 284.4133 ,- 693.1763 ,- 897.2783 ,- 575.1258 ,- 571.8875 ,- 534.3455 ,- 556.6359 ,- 540.6808 ,- 516.6710 ,- 490.7937 ,- 463.9268 ,- 403.5520 ,- 323.7043 ,- 259.7525 ,- 202.2379 , 70.2050 ,- 17.7337 ,- 75.8433 ,- 108.1118 ,- 145.9562 ,- 209.7437 ,- 235.4631 ,- 245.1716 ,- 251.8226 ,- 256.3464 ,- 254.0747 ,- 243.2023 ,- 229.3744 ,- 218.6467 ,- 694.6787 , 85.5617 ,- 201.9552 ,
04-01-2022 ,13:06:40 ,       14032.148, 250  ,           10  , 32  , 111  ,- 296.3903 ,- 705.1993 ,- 908.2065 ,- 580.6195 ,- 574.7642 ,- 533.8524 ,- 559.0096 ,- 543.4720 ,- 519.2913 ,- 493.9893 ,- 466.8364 ,- 406.3202 ,- 326.7881 ,- 261.6330 ,- 202.2379 , 75.7743 ,- 11.1584 ,- 70.3299 ,- 103.1442 ,- 142.0110 ,- 206.3376 ,- 231.5344 ,- 241.9859 ,- 248.3410 ,- 253.4368 ,- 251.7010 ,- 241.3218 ,- 227.4215 ,- 215.8259 ,- 705.2190 , 82.9842 ,- 202.4319 ,
04-01-2022 ,13:06:40 ,       14032.663, 250  ,           10  , 32  , 111  ,- 298.2708 ,- 704.7226 ,- 906.4180 ,- 580.3334 ,- 573.3768 ,- 534.0496 ,- 557.5269 ,- 541.3811 ,- 516.2830 ,- 491.2934 ,- 464.3279 ,- 403.6506 ,- 324.9963 ,- 260.6401 ,- 202.4286 , 71.8652 ,- 12.8285 ,- 71.8521 ,- 105.0905 ,- 144.1151 ,- 209.2702 ,- 235.7557 ,- 245.3689 ,- 252.8878 ,- 257.7010 ,- 255.6922 ,- 244.9875 ,- 232.0144 ,- 221.8357 ,- 701.8360 , 89.2274 ,- 204.7333 ,
04-01-2022 ,13:06:41 ,       14033.128, 250  ,           10  , 32  , 111  ,- 288.4703 ,- 705.9620 ,- 915.9852 ,- 585.3439 ,- 578.8277 ,- 540.0726 ,- 562.3696 ,- 546.1647 ,- 521.9115 ,- 495.5871 ,- 468.2403 ,- 407.0106 ,- 326.1898 ,- 260.6401 ,- 203.0007 , 78.0198 ,- 14.2981 ,- 76.3200 ,- 110.2554 ,- 150.1645 ,- 215.2275 ,- 240.9601 ,- 250.3432 ,- 256.4681 ,- 261.3831 ,- 259.1114 ,- 247.6177 ,- 233.1881 ,- 221.5629 ,- 705.2190 , 89.4247 ,- 201.5705 ,
04-01-2022 ,13:06:41 ,       14033.644, 250  ,           10  , 32  , 111  ,- 289.2659 ,- 705.2946 ,- 908.5222 ,- 580.5242 ,- 575.2606 ,- 534.3455 ,- 559.5027 ,- 543.7712 ,- 518.7093 ,- 493.2890 ,- 465.7318 ,- 404.8375 ,- 324.7991 ,- 259.8511 ,- 201.9519 , 73.7228 ,- 15.9682 ,- 74.7979 ,- 107.4313 ,- 145.8675 ,- 210.2171 ,- 236.1503 ,- 245.9673 ,- 252.5985 ,- 257.0237 ,- 254.4560 ,- 243.6725 ,- 230.5481 ,- 219.2845 ,- 704.4234 , 89.3261 ,- 202.2412 ,
04-01-2022 ,13:06:42 ,       14034.158, 250  ,           10  , 32  , 111  ,- 275.6056 ,- 689.4546 ,- 900.0104 ,- 576.9570 ,- 576.6480 ,- 542.9329 ,- 560.8869 ,- 545.4677 ,- 521.8129 ,- 496.4879 ,- 469.6474 ,- 408.6906 ,- 328.5766 ,- 264.3026 ,- 205.3744 , 68.6433 ,- 21.4619 ,- 77.6516 ,- 108.0165 ,- 144.3782 ,- 205.6768 ,- 230.1601 ,- 239.6023 ,- 245.7272 ,- 250.2412 ,- 248.3738 ,- 237.7547 ,- 224.0977 ,- 211.5453 ,- 685.4305 , 85.6603 ,- 203.0072 ,
04-01-2022 ,13:06:42 ,       14034.623, 250  ,           10  , 32  , 111  ,- 315.4950 ,- 709.8776 ,- 909.0482 ,- 582.9340 ,- 576.0529 ,- 534.0496 ,- 560.7883 ,- 544.8693 ,- 520.1658 ,- 494.8901 ,- 467.1356 ,- 406.3202 ,- 325.6933 ,- 260.9393 ,- 203.8555 , 75.0905 ,- 7.1375 ,- 67.3841 ,- 101.7798 ,- 142.0110 ,- 208.7015 ,- 234.7760 ,- 244.9711 ,- 252.2105 ,- 257.2177 ,- 254.7421 ,- 244.3300 ,- 231.0379 ,- 221.1059 ,- 704.3248 , 88.9316 ,- 204.6346 ,
04-01-2022 ,13:06:43 ,       14035.139, 250  ,           10  , 32  , 111  ,- 278.0780 ,- 695.4645 ,- 906.2109 ,- 579.1762 ,- 578.6304 ,- 539.3789 ,- 562.8660 ,- 546.9603 ,- 522.9800 ,- 497.2868 ,- 470.6501 ,- 408.5920 ,- 327.4818 ,- 263.1158 ,- 204.0428 , 73.7228 ,- 16.0636 ,- 75.6526 ,- 108.7957 ,- 147.6198 ,- 212.2029 ,- 237.8171 ,- 247.6571 ,- 254.1437 ,- 258.9601 ,- 257.0204 ,- 245.7404 ,- 231.7218 ,- 220.1952 ,- 699.6497 , 80.8044 ,- 204.8286 ,
04-01-2022 ,13:06:43 ,       14035.653, 250  ,           10  , 32  , 111  ,- 281.1487 ,- 695.4645 ,- 903.4755 ,- 578.5976 ,- 576.4507 ,- 539.4808 ,- 561.2847 ,- 545.3658 ,- 520.5537 ,- 495.4885 ,- 468.1416 ,- 406.7148 ,- 325.4961 ,- 259.1574 ,- 199.1968 , 76.8494 ,- 9.3962 ,- 67.9529 ,- 100.8033 ,- 139.6439 ,- 204.3519 ,- 229.9629 ,- 239.9968 ,- 246.5985 ,- 251.5004 ,- 248.9426 ,- 238.8823 ,- 225.7579 ,- 215.6418 ,- 698.1571 , 87.1463 ,- 200.7092 ,
04-01-2022 ,13:06:44 ,       14036.168, 250  ,           10  , 32  , 111  ,- 284.6106 ,- 693.3636 ,- 894.8586 ,- 571.4633 ,- 566.0386 ,- 526.6458 ,- 549.7154 ,- 534.4014 ,- 510.5559 ,- 485.3000 ,- 458.6074 ,- 399.1005 ,- 320.7224 ,- 257.0796 ,- 198.3420 , 72.9403 ,- 15.1825 ,- 73.5617 ,- 105.6757 ,- 143.7634 ,- 206.6204 ,- 231.7316 ,- 241.4894 ,- 247.7590 ,- 252.2763 ,- 250.4648 ,- 239.5399 ,- 225.7579 ,- 215.6418 ,- 692.1932 , 87.9387 ,- 199.6538 ,
04-01-2022 ,13:06:44 ,       14036.632, 250  ,           10  , 32  , 111  ,- 305.1026 ,- 709.4963 ,- 912.6219 ,- 583.5126 ,- 573.3768 ,- 532.8627 ,- 557.0305 ,- 541.1805 ,- 516.3784 ,- 491.0929 ,- 463.4238 ,- 402.6610 ,- 323.4051 ,- 258.5623 ,- 202.8067 , 79.0948 ,- 8.2159 ,- 69.7611 ,- 104.0220 ,- 143.9409 ,- 209.5530 ,- 235.1673 ,- 244.8725 ,- 251.7273 ,- 256.8297 ,- 253.7886 ,- 243.9519 ,- 230.3541 ,- 218.1930 ,- 707.1094 , 84.8680 ,- 202.3365 ,
04-01-2022 ,13:06:45 ,       14037.147, 250  ,           10  , 32  , 111  ,- 285.5015 ,- 697.8513 ,- 903.5807 ,- 577.6343 ,- 575.5565 ,- 532.9647 ,- 560.4924 ,- 544.9680 ,- 520.9417 ,- 495.7877 ,- 468.7433 ,- 407.7043 ,- 327.8829 ,- 262.9152 ,- 204.1382 , 75.3831 ,- 13.0258 ,- 73.0883 ,- 106.4548 ,- 145.6045 ,- 210.3092 ,- 236.1503 ,- 246.2632 ,- 252.5985 ,- 257.2177 ,- 255.5968 ,- 244.6095 ,- 230.7453 ,- 219.9223 ,- 701.3428 , 83.7765 ,- 203.4872 ,
04-01-2022 ,13:06:45 ,       14037.662, 250  ,           10  , 32  , 111  ,- 275.8029 ,- 694.7017 ,- 904.2120 ,- 579.9455 ,- 576.1516 ,- 541.8480 ,- 559.4041 ,- 543.7712 ,- 519.5839 ,- 494.0912 ,- 467.1356 ,- 406.6161 ,- 327.3832 ,- 262.7180 ,- 204.8056 , 71.1814 ,- 21.4619 ,- 79.5518 ,- 111.1332 ,- 148.2346 ,- 210.5919 ,- 235.4631 ,- 244.9711 ,- 251.1453 ,- 255.9585 ,- 253.0292 ,- 242.3574 ,- 228.9864 ,- 216.4637 ,- 692.9889 , 85.8576 ,- 201.3798 ,
04-01-2022 ,13:06:46 ,       14038.177, 250  ,           10  , 32  , 111  ,- 290.4528 ,- 705.7714 ,- 908.7325 ,- 580.2348 ,- 572.2852 ,- 535.8282 ,- 555.4490 ,- 539.6847 ,- 515.0206 ,- 489.3931 ,- 462.2172 ,- 401.6714 ,- 322.6095 ,- 259.3546 ,- 203.0927 , 75.2844 ,- 14.5940 ,- 74.2291 ,- 107.5299 ,- 146.4823 ,- 210.7826 ,- 236.8374 ,- 246.4637 ,- 253.1771 ,- 257.6056 ,- 255.5968 ,- 244.5174 ,- 230.2555 ,- 221.1979 ,- 704.1242 , 88.6324 ,- 202.7212 ,
04-01-2022 ,13:06:46 ,       14038.643, 250  ,           10  , 32  , 111  ,- 285.8993 ,- 698.3281 ,- 902.8476 ,- 577.2463 ,- 573.4754 ,- 532.3729 ,- 558.0200 ,- 542.6765 ,- 518.0287 ,- 493.0918 ,- 465.5312 ,- 405.3306 ,- 325.8939 ,- 261.5311 ,- 202.6193 , 76.3595 ,- 10.0800 ,- 68.9984 ,- 102.3617 ,- 141.5738 ,- 206.7157 ,- 232.8100 ,- 243.1826 ,- 249.9848 ,- 255.5705 ,- 253.0292 ,- 242.9196 ,- 229.0818 ,- 214.5502 ,- 700.3467 , 88.3365 ,- 201.9552 ,
04-01-2022 ,13:06:47 ,       14039.157, 250  ,           10  , 32  , 111  ,- 279.6626 ,- 678.2897 ,- 888.9769 ,- 571.0787 ,- 576.3488 ,- 545.3033 ,- 560.4924 ,- 545.0666 ,- 521.3296 ,- 495.7877 ,- 468.9438 ,- 408.2961 ,- 327.0840 ,- 261.3338 ,- 205.5650 , 59.8521 ,- 23.9145 ,- 77.5562 ,- 106.9447 ,- 142.3628 ,- 203.3097 ,- 227.8029 ,- 237.9092 ,- 244.9547 ,- 249.6593 ,- 248.7552 ,- 238.4089 ,- 224.9787 ,- 214.0045 ,- 667.0392 , 85.4598 ,- 199.5585 ,
04-01-2022 ,13:06:47 ,       14039.672, 250  ,           10  , 32  , 111  ,- 316.7837 ,- 713.6946 ,- 909.2585 ,- 581.4907 ,- 568.8168 ,- 527.9280 ,- 553.5685 ,- 537.4918 ,- 513.0775 ,- 487.7953 ,- 459.4096 ,- 399.3997 ,- 319.7262 ,- 255.6922 ,- 200.3376 , 79.4861 ,- 1.7425 ,- 62.7255 ,- 97.2954 ,- 137.9803 ,- 205.2034 ,- 231.4357 ,- 241.7886 ,- 248.6303 ,- 253.9234 ,- 251.4149 ,- 240.9470 ,- 228.2007 ,- 219.3766 ,- 704.9198 , 85.5617 ,- 199.5585 ,
04-01-2022 ,13:06:48 ,       14040.137, 250  ,           10  , 32  , 111  ,- 313.8117 ,- 714.7467 ,- 915.7747 ,- 585.4425 ,- 576.6480 ,- 534.8386 ,- 561.1860 ,- 544.9680 ,- 520.2611 ,- 495.0907 ,- 467.1356 ,- 407.0106 ,- 326.2884 ,- 260.8374 ,- 202.7146 , 78.8022 ,- 3.7052 ,- 64.1524 ,- 98.5644 ,- 139.4697 ,- 207.4719 ,- 235.1673 ,- 245.6681 ,- 253.5651 ,- 258.3815 ,- 257.2111 ,- 246.4900 ,- 232.6029 ,- 222.9272 ,- 711.5806 , 82.6850 ,- 204.9240 ,
04-01-2022 ,13:06:48 ,       14040.652, 250  ,           10  , 32  , 111  ,- 308.0714 ,- 716.0815 ,- 917.4547 ,- 587.2704 ,- 579.7187 ,- 534.3455 ,- 564.0529 ,- 548.2589 ,- 523.3680 ,- 497.7866 ,- 469.9466 ,- 409.0884 ,- 328.9744 ,- 263.0171 ,- 204.7103 , 76.7507 ,- 7.6274 ,- 67.9529 ,- 102.2664 ,- 142.2740 ,- 209.0796 ,- 235.4631 ,- 246.1645 ,- 253.1771 ,- 258.6708 ,- 256.7377 ,- 246.9601 ,- 234.0659 ,- 219.8303 ,- 717.8470 , 86.1535 ,- 205.3053 ,
04-01-2022 ,13:06:49 ,       14041.167, 250  ,           10  , 32  , 111  ,- 303.9125 ,- 716.8442 ,- 921.6597 ,- 590.0682 ,- 579.7187 ,- 540.7630 ,- 563.2606 ,- 546.8616 ,- 521.6189 ,- 495.8896 ,- 467.9411 ,- 406.2216 ,- 326.7881 ,- 263.0171 ,- 205.5650 , 72.9403 ,- 14.3967 ,- 74.8932 ,- 108.8910 ,- 148.7606 ,- 214.8494 ,- 241.3546 ,- 250.9382 ,- 258.1119 ,- 262.5470 ,- 260.4429 ,- 249.2155 ,- 235.1442 ,- 223.5650 ,- 713.0732 , 85.2625 ,- 206.3607 ,
04-01-2022 ,13:06:49 ,       14041.681, 250  ,           10  , 32  , 111  ,- 296.6862 ,- 700.3335 ,- 901.2695 ,- 577.3450 ,- 573.8699 ,- 531.4819 ,- 557.7241 ,- 542.6765 ,- 518.3214 ,- 493.0918 ,- 466.0342 ,- 404.8375 ,- 324.7004 ,- 259.3546 ,- 202.3333 , 71.3787 ,- 14.6926 ,- 73.5617 ,- 106.5535 ,- 145.6045 ,- 210.2171 ,- 235.3645 ,- 245.8653 ,- 251.9212 ,- 256.8297 ,- 254.1700 ,- 243.7645 ,- 230.0582 ,- 218.8308 ,- 699.7483 , 91.1113 ,- 203.1026 ,
04-01-2022 ,13:06:50 ,       14042.146, 250  ,           10  , 32  , 111  ,- 291.1432 ,- 711.0217 ,- 915.0383 ,- 584.2852 ,- 579.5214 ,- 535.2332 ,- 563.9543 ,- 548.6567 ,- 523.6573 ,- 498.6874 ,- 470.8507 ,- 409.3843 ,- 329.0731 ,- 263.2144 ,- 201.5738 , 78.5096 ,- 10.0800 ,- 69.9485 ,- 103.9233 ,- 143.5004 ,- 208.9842 ,- 235.2659 ,- 244.9711 ,- 252.0166 ,- 256.3464 ,- 254.2653 ,- 243.2944 ,- 229.6703 ,- 219.0116 ,- 712.5768 , 86.9491 ,- 202.8165 ,
04-01-2022 ,13:06:50 ,       14042.661, 250  ,           10  , 32  , 111  ,- 273.9223 ,- 688.0212 ,- 897.4887 ,- 574.0671 ,- 571.4929 ,- 538.4913 ,- 555.7449 ,- 540.3849 ,- 516.1844 ,- 491.0929 ,- 464.2260 ,- 403.3547 ,- 323.9048 ,- 259.9497 ,- 205.3744 , 68.8373 ,- 22.5403 ,- 80.5020 ,- 111.7184 ,- 149.5497 ,- 212.7683 ,- 237.3273 ,- 247.6571 ,- 253.4664 ,- 258.7662 ,- 256.1656 ,- 245.5497 ,- 230.9393 ,- 219.8303 ,- 682.6491 , 82.4877 ,- 203.2933 ,
04-01-2022 ,13:06:51 ,       14043.176, 250  ,           10  , 32  , 111  ,- 298.4681 ,- 715.0294 ,- 919.5588 ,- 587.8491 ,- 578.3313 ,- 538.5899 ,- 562.4683 ,- 546.0660 ,- 521.0370 ,- 495.8896 ,- 468.5427 ,- 407.5071 ,- 327.8829 ,- 263.0171 ,- 203.9508 , 82.3168 ,- 6.7463 ,- 68.0483 ,- 101.8784 ,- 142.0110 ,- 208.2281 ,- 234.5788 ,- 244.6719 ,- 252.1119 ,- 256.9251 ,- 254.9295 ,- 243.9519 ,- 230.2555 ,- 219.4653 ,- 712.2776 , 85.7589 ,- 203.1026 ,
04-01-2022 ,13:06:51 ,       14043.69, 250  ,            10  , 32  , 111  ,- 304.4089 ,- 705.1993 ,- 912.2010 ,- 584.1866 ,- 582.1976 ,- 543.7252 ,- 565.8315 ,- 549.7515 ,- 525.1137 ,- 499.6836 ,- 472.0540 ,- 410.8671 ,- 330.1678 ,- 264.2040 ,- 204.4242 , 65.9080 ,- 17.1452 ,- 75.1792 ,- 107.3327 ,- 145.6045 ,- 209.0796 ,- 233.9903 ,- 244.1755 ,- 250.5667 ,- 256.0538 ,- 254.3607 ,- 244.0473 ,- 230.8407 ,- 220.6489 ,- 700.2480 , 83.9737 ,- 204.9240 ,
04-01-2022 ,13:06:52 ,       14044.156, 250  ,           10  , 32  , 111  ,- 306.0922 ,- 719.1357 ,- 925.1282 ,- 592.3795 ,- 584.3806 ,- 542.4398 ,- 568.0080 ,- 551.2474 ,- 525.9882 ,- 500.3838 ,- 472.8594 ,- 410.8671 ,- 329.8687 ,- 265.4895 ,- 207.4653 , 73.3315 ,- 14.1041 ,- 74.4165 ,- 108.3091 ,- 148.0603 ,- 214.7541 ,- 241.3546 ,- 251.1388 ,- 258.4999 ,- 263.1289 ,- 260.7289 ,- 249.6856 ,- 235.8281 ,- 225.7481 ,- 717.3505 , 86.1535 ,- 206.6467 ,
04-01-2022 ,13:06:52 ,       14044.671, 250  ,           10  , 32  , 111  ,- 278.1799 ,- 697.7560 ,- 903.3737 ,- 578.8869 ,- 574.9614 ,- 539.2836 ,- 558.6151 ,- 542.8737 ,- 518.5153 ,- 493.9893 ,- 466.5339 ,- 406.8134 ,- 328.2774 ,- 264.4012 ,- 204.8056 , 66.9830 ,- 25.5814 ,- 83.5431 ,- 115.3217 ,- 152.9688 ,- 215.3229 ,- 239.9804 ,- 249.6462 ,- 255.1136 ,- 259.7360 ,- 257.4971 ,- 245.7404 ,- 231.9157 ,- 222.0166 ,- 690.0037 , 85.6603 ,- 207.2220 ,
04-01-2022 ,13:06:53 ,       14045.188, 250  ,           10  , 32  , 111  ,- 298.9645 ,- 693.5576 ,- 887.7145 ,- 568.3795 ,- 563.9576 ,- 528.4211 ,- 547.9335 ,- 533.0074 ,- 508.5175 ,- 484.3005 ,- 457.9038 ,- 398.7060 ,- 321.4161 ,- 258.6609 ,- 199.2922 , 70.9874 ,- 11.9441 ,- 69.8565 ,- 102.3617 ,- 140.5217 ,- 204.1612 ,- 229.5716 ,- 239.0040 ,- 245.9212 ,- 250.0473 ,- 247.4237 ,- 236.6237 ,- 223.4138 ,- 212.1831 ,- 678.9669 , 83.7765 ,- 199.6538 ,
04-01-2022 ,13:06:53 ,       14045.652, 250  ,           10  , 32  , 111  ,- 292.3333 ,- 696.8026 ,- 896.4366 ,- 572.5253 ,- 566.1373 ,- 528.5197 ,- 550.1099 ,- 534.8025 ,- 510.5559 ,- 485.6978 ,- 458.6074 ,- 398.6073 ,- 319.6276 ,- 255.7908 ,- 197.4839 , 75.0905 ,- 8.7090 ,- 67.1935 ,- 100.4154 ,- 139.4697 ,- 204.0692 ,- 229.2757 ,- 239.7009 ,- 246.1152 ,- 251.3064 ,- 249.4193 ,- 238.8823 ,- 225.3667 ,- 215.1881 ,- 695.0765 , 82.8855 ,- 198.7924 ,
04-01-2022 ,13:06:54 ,       14046.167, 250  ,           10  , 32  , 111  ,- 274.2182 ,- 682.1034 ,- 893.3890 ,- 574.0671 ,- 576.5494 ,- 544.5143 ,- 559.5027 ,- 544.2710 ,- 519.9685 ,- 495.1893 ,- 468.1416 ,- 407.6057 ,- 327.6824 ,- 263.4117 ,- 206.8012 , 59.2669 ,- 27.0510 ,- 81.7381 ,- 111.7184 ,- 147.7973 ,- 209.0796 ,- 233.2045 ,- 242.1864 ,- 248.7256 ,- 253.0522 ,- 250.7508 ,- 240.1974 ,- 226.6390 ,- 214.5502 ,- 680.8574 , 84.6674 ,- 200.5152 ,
04-01-2022 ,13:06:54 ,       14046.683, 250  ,           10  , 32  , 111  ,- 270.2599 ,- 694.4157 ,- 902.2164 ,- 576.0923 ,- 575.9543 ,- 535.8282 ,- 560.9855 ,- 545.7636 ,- 521.4249 ,- 496.5898 ,- 469.5455 ,- 408.7925 ,- 328.5766 ,- 263.3130 ,- 199.4796 , 75.4817 ,- 14.6926 ,- 73.0883 ,- 105.4817 ,- 143.8521 ,- 207.9453 ,- 233.1059 ,- 243.2812 ,- 249.2122 ,- 254.0188 ,- 251.7930 ,- 240.6642 ,- 226.5404 ,- 215.0960 ,- 699.3505 , 85.5617 ,- 201.9552 ,
04-01-2022 ,13:06:55 ,       14047.197, 250  ,           10  , 32  , 111  ,- 312.5262 ,- 716.3675 ,- 912.3062 ,- 584.2852 ,- 572.0847 ,- 531.9751 ,- 555.7449 ,- 539.4841 ,- 514.3400 ,- 489.1959 ,- 461.9181 ,- 401.9706 ,- 323.2079 ,- 259.3546 ,- 202.1426 , 77.0433 ,- 10.0800 ,- 70.8066 ,- 104.9951 ,- 144.2894 ,- 209.5530 ,- 235.6571 ,- 245.1716 ,- 252.3059 ,- 256.7311 ,- 254.2653 ,- 243.3897 ,- 229.4730 ,- 219.1037 ,- 710.3905 , 83.0828 ,- 202.9119 ,
04-01-2022 ,13:06:55 ,       14047.662, 250  ,           10  , 32  , 111  ,- 293.1256 ,- 708.7302 ,- 913.8810 ,- 584.7653 ,- 576.3488 ,- 535.2332 ,- 559.8019 ,- 543.7712 ,- 518.9033 ,- 493.6901 ,- 466.2348 ,- 405.6265 ,- 325.4961 ,- 261.1366 ,- 204.0428 , 73.9168 ,- 15.2811 ,- 74.8932 ,- 108.1118 ,- 146.8340 ,- 210.3092 ,- 235.1673 ,- 244.8725 ,- 251.2440 ,- 256.2478 ,- 254.2653 ,- 243.7645 ,- 230.7453 ,- 220.5601 ,- 707.3067 , 87.0477 ,- 203.1026 ,
04-01-2022 ,13:06:56 ,       14048.177, 250  ,           10  , 32  , 111  ,- 292.1360 ,- 715.7955 ,- 924.8126 ,- 591.4162 ,- 583.0918 ,- 542.4398 ,- 566.8211 ,- 550.4518 ,- 525.0184 ,- 499.2857 ,- 471.5542 ,- 409.2857 ,- 328.3794 ,- 263.0171 ,- 204.1382 , 79.9726 ,- 10.3759 ,- 71.4707 ,- 105.4817 ,- 145.4302 ,- 212.1075 ,- 238.8001 ,- 248.9492 ,- 256.0801 ,- 260.9952 ,- 258.4473 ,- 247.7130 ,- 234.2631 ,- 222.9272 ,- 718.5439 , 83.2800 ,- 207.1267 ,
04-01-2022 ,13:06:56 ,       14048.692, 250  ,           10  , 32  , 111  ,- 285.9980 ,- 706.3467 ,- 907.3649 ,- 579.4655 ,- 568.1230 ,- 527.7307 ,- 552.2863 ,- 536.5942 ,- 511.9137 ,- 487.0984 ,- 459.7087 ,- 399.8928 ,- 321.0215 ,- 259.1574 ,- 200.7157 , 81.5376 ,- 10.1786 ,- 71.5661 ,- 105.2877 ,- 145.0784 ,- 210.6872 ,- 236.9360 ,- 247.1607 ,- 253.4664 ,- 258.4768 ,- 256.4516 ,- 245.6451 ,- 231.0379 ,- 220.1064 ,- 708.2009 , 88.6324 ,- 203.7733 ,
04-01-2022 ,13:06:57 ,       14049.157, 250  ,           10  , 32  , 111  ,- 256.7015 ,- 678.2897 ,- 890.7621 ,- 570.0200 ,- 573.5740 ,- 538.7871 ,- 558.6151 ,- 543.7712 ,- 520.0671 ,- 495.0907 ,- 468.9438 ,- 408.3947 ,- 329.0731 ,- 265.2922 ,- 203.0007 , 67.7622 ,- 23.6186 ,- 79.1705 ,- 109.6702 ,- 145.8675 ,- 207.4719 ,- 232.3201 ,- 241.9859 ,- 248.4363 ,- 253.0522 ,- 250.1788 ,- 239.7272 ,- 226.4418 ,- 211.9102 ,- 682.2513 , 81.1003 ,- 202.0505 ,
04-01-2022 ,13:06:57 ,       14049.672, 250  ,           10  , 32  , 111  ,- 295.4993 ,- 703.3845 ,- 900.8520 ,- 575.0305 ,- 564.2535 ,- 524.9658 ,- 548.4299 ,- 532.8069 ,- 508.4189 ,- 483.1005 ,- 456.0956 ,- 396.3323 ,- 317.3394 ,- 253.2199 ,- 196.7245 , 79.7787 ,- 6.6477 ,- 67.0981 ,- 100.9020 ,- 140.8702 ,- 206.1503 ,- 232.2215 ,- 242.3870 ,- 248.7256 ,- 253.2429 ,- 251.6056 ,- 240.0067 ,- 226.2478 ,- 218.3738 ,- 694.7773 , 86.0548 ,- 200.0385 ,
04-01-2022 ,13:06:58 ,       14050.188, 250  ,           10  , 32  , 111  ,- 293.3229 ,- 702.0497 ,- 903.7912 ,- 577.6343 ,- 570.0036 ,- 528.2238 ,- 554.6567 ,- 539.6847 ,- 515.2145 ,- 489.9948 ,- 463.1213 ,- 402.6610 ,- 323.0106 ,- 257.8719 ,- 199.1968 , 82.5140 ,- 4.9808 ,- 65.9573 ,- 100.0242 ,- 139.8214 ,- 205.7689 ,- 231.6330 ,- 241.5914 ,- 248.2456 ,- 253.2429 ,- 250.4648 ,- 239.8193 ,- 226.7344 ,- 214.8231 ,- 698.7554 , 85.9562 ,- 199.4631 ,
04-01-2022 ,13:06:58 ,       14050.702, 250  ,           10  , 32  , 111  ,- 295.6966 ,- 681.1500 ,- 876.2635 ,- 561.2485 ,- 559.1017 ,- 523.6836 ,- 543.9784 ,- 528.7203 ,- 505.4140 ,- 481.0030 ,- 454.4912 ,- 395.9377 ,- 318.1350 ,- 254.8045 ,- 201.5738 , 68.2521 ,- 15.3764 ,- 73.0883 ,- 105.4817 ,- 144.2894 ,- 209.0796 ,- 234.2829 ,- 244.4747 ,- 251.0500 ,- 255.3766 ,- 253.9793 ,- 242.2621 ,- 228.9864 ,- 217.2823 ,- 671.6124 , 85.5617 ,- 198.1217 ,
04-01-2022 ,13:06:59 ,       14051.167, 250  ,           10  , 32  , 111  ,- 285.1070 ,- 691.7429 ,- 891.6038 ,- 570.0200 ,- 561.9751 ,- 523.0918 ,- 546.7499 ,- 530.8145 ,- 506.6732 ,- 481.5027 ,- 454.4912 ,- 394.9514 ,- 317.3394 ,- 254.8045 ,- 197.9606 , 75.8696 ,- 13.3184 ,- 72.4209 ,- 104.7025 ,- 142.6258 ,- 205.4861 ,- 230.4560 ,- 239.8982 ,- 246.2105 ,- 250.7245 ,- 247.8018 ,- 237.7547 ,- 223.8051 ,- 212.7289 ,- 690.9998 , 81.0017 ,- 198.8878 ,
04-01-2022 ,13:06:59 ,       14051.681, 250  ,           10  , 32  , 111  ,- 294.0133 ,- 705.3900 ,- 910.9386 ,- 582.1647 ,- 577.6376 ,- 536.2228 ,- 562.0737 ,- 546.6644 ,- 522.3981 ,- 496.6885 ,- 469.3449 ,- 407.7043 ,- 327.2845 ,- 261.4325 ,- 202.4286 , 78.8022 ,- 7.7260 ,- 67.9529 ,- 101.6812 ,- 141.7480 ,- 208.2281 ,- 234.5788 ,- 244.9711 ,- 251.8226 ,- 256.7311 ,- 255.4062 ,- 244.5174 ,- 230.6467 ,- 220.1064 ,- 705.7155 , 82.6850 ,- 203.2933 ,
04-01-2022 ,13:07:00 ,       14052.196, 250  ,           10  , 32  , 111  ,- 261.3536 ,- 694.4157 ,- 909.4690 ,- 581.4907 ,- 583.5883 ,- 543.9225 ,- 568.8989 ,- 554.1373 ,- 529.5817 ,- 504.3817 ,- 477.0742 ,- 415.2167 ,- 334.3465 ,- 269.0533 ,- 204.4242 , 72.7463 ,- 20.2849 ,- 78.2203 ,- 110.1601 ,- 148.0603 ,- 212.2949 ,- 237.7185 ,- 248.0549 ,- 254.2423 ,- 258.9601 ,- 255.8796 ,- 245.0796 ,- 231.6231 ,- 218.1930 ,- 703.8250 , 86.3540 ,- 206.1700 ,
04-01-2022 ,13:07:00 ,       14052.711, 250  ,           10  , 32  , 111  ,- 282.1382 ,- 700.3335 ,- 910.8334 ,- 581.4907 ,- 578.0354 ,- 538.0967 ,- 562.7674 ,- 546.6644 ,- 522.3981 ,- 497.0863 ,- 469.3449 ,- 408.0988 ,- 328.2774 ,- 263.4117 ,- 204.0428 , 75.6757 ,- 14.4953 ,- 73.9431 ,- 106.5535 ,- 145.4302 ,- 209.2702 ,- 235.0686 ,- 244.6719 ,- 251.5333 ,- 256.2478 ,- 254.5514 ,- 243.4851 ,- 229.5716 ,- 217.5552 ,- 697.7626 , 87.1463 ,- 202.8165 ,
04-01-2022 ,13:07:01 ,       14053.176, 250  ,           10  , 32  , 111  ,- 265.8083 ,- 690.6941 ,- 907.6805 ,- 581.8721 ,- 584.4792 ,- 548.4628 ,- 568.2053 ,- 552.5428 ,- 527.7340 ,- 502.1822 ,- 474.4638 ,- 411.6594 ,- 330.2665 ,- 264.7990 ,- 207.5639 , 71.2800 ,- 22.0504 ,- 80.1239 ,- 111.8138 ,- 149.2012 ,- 212.4856 ,- 237.9157 ,- 247.9563 ,- 254.1437 ,- 259.3481 ,- 256.4516 ,- 246.2073 ,- 232.8955 ,- 220.3760 ,- 692.2919 , 83.3787 ,- 204.5393 ,
04-01-2022 ,13:07:01 ,       14053.691, 250  ,           10  , 32  , 111  ,- 324.1087 ,- 721.3319 ,- 916.6131 ,- 588.1384 ,- 575.8557 ,- 536.8145 ,- 559.5027 ,- 543.3734 ,- 518.9033 ,- 493.1904 ,- 466.0342 ,- 405.9224 ,- 327.2845 ,- 262.1262 ,- 209.7502 , 68.7420 ,- 18.8121 ,- 78.6017 ,- 111.6198 ,- 150.4275 ,- 214.7541 ,- 239.9804 ,- 249.4456 ,- 256.4681 ,- 260.5119 ,- 258.6379 ,- 247.4303 ,- 233.5793 ,- 223.9300 ,- 709.5949 , 81.6954 ,- 208.1820 ,
04-01-2022 ,13:07:02 ,       14054.206, 250  ,           10  , 32  , 111  ,- 289.0654 ,- 701.6683 ,- 909.1534 ,- 581.5861 ,- 580.0178 ,- 540.7630 ,- 564.0529 ,- 548.4562 ,- 523.8513 ,- 498.3849 ,- 471.0512 ,- 409.5816 ,- 330.0692 ,- 264.7990 ,- 206.4231 , 72.2565 ,- 17.8323 ,- 77.3655 ,- 110.1601 ,- 149.2012 ,- 213.9059 ,- 239.6845 ,- 250.1426 ,- 256.3694 ,- 261.5771 ,- 258.9207 ,- 248.4626 ,- 234.7530 ,- 222.1974 ,- 702.5330 , 85.6603 ,- 206.7453 ,
04-01-2022 ,13:07:02 ,       14054.671, 250  ,           10  , 32  , 111  ,- 293.5202 ,- 715.9861 ,- 922.6065 ,- 589.7789 ,- 583.0918 ,- 541.6507 ,- 567.5148 ,- 551.6452 ,- 526.4715 ,- 500.9822 ,- 473.2605 ,- 411.3602 ,- 330.7662 ,- 265.1936 ,- 204.6149 , 78.5096 ,- 10.3759 ,- 70.8066 ,- 104.5086 ,- 144.1151 ,- 209.8357 ,- 236.3442 ,- 246.2632 ,- 253.3711 ,- 257.7996 ,- 256.0703 ,- 244.9875 ,- 232.0144 ,- 219.1924 ,- 718.9418 , 85.2625 ,- 205.9793 ,
04-01-2022 ,13:07:03 ,       14055.186, 250  ,           10  , 32  , 111  ,- 282.5327 ,- 696.1352 ,- 900.8520 ,- 575.7044 ,- 570.7992 ,- 530.8901 ,- 554.8573 ,- 539.2869 ,- 515.1159 ,- 490.1953 ,- 463.1213 ,- 402.6610 ,- 323.5070 ,- 259.1574 ,- 201.7645 , 77.4346 ,- 13.7096 ,- 73.9431 ,- 106.9447 ,- 145.6045 ,- 209.0796 ,- 233.9903 ,- 243.8763 ,- 249.5015 ,- 254.5053 ,- 251.6056 ,- 241.2297 ,- 227.6155 ,- 216.6445 ,- 694.7773 , 85.0653 ,- 199.9431 ,
04-01-2022 ,13:07:03 ,       14055.701, 250  ,           10  , 32  , 111  ,- 325.1969 ,- 724.8629 ,- 921.6597 ,- 588.7170 ,- 571.7888 ,- 536.0222 ,- 554.2622 ,- 537.1926 ,- 511.7197 ,- 485.9970 ,- 458.6074 ,- 397.9169 ,- 318.2369 ,- 254.1108 ,- 199.9563 , 84.1743 , 3.5540 ,- 58.0669 ,- 93.6921 ,- 135.2614 ,- 203.5004 ,- 230.8472 ,- 241.1903 ,- 248.6303 ,- 253.8248 ,- 252.4604 ,- 241.7919 ,- 228.9864 ,- 223.3842 ,- 713.7703 , 85.4598 ,- 201.4752 ,
04-01-2022 ,13:07:04 ,       14056.216, 250  ,           10  , 32  , 111  ,- 300.6478 ,- 714.6481 ,- 915.2487 ,- 585.4425 ,- 575.4578 ,- 535.9269 ,- 558.7137 ,- 542.6765 ,- 517.2529 ,- 491.9904 ,- 464.2260 ,- 403.4534 ,- 324.2007 ,- 260.5415 ,- 204.1382 , 75.5770 ,- 10.3759 ,- 70.3299 ,- 104.1173 ,- 144.0297 ,- 209.9311 ,- 235.6571 ,- 246.2632 ,- 252.4045 ,- 257.7010 ,- 255.5015 ,- 245.4577 ,- 231.7218 ,- 221.9245 ,- 712.2776 , 82.9842 ,- 204.3486 ,
04-01-2022 ,13:07:04 ,       14056.681, 250  ,           10  , 32  , 111  ,- 314.7026 ,- 714.4574 ,- 914.3019 ,- 585.2485 ,- 574.7642 ,- 534.4441 ,- 558.7137 ,- 541.9762 ,- 517.5422 ,- 491.7932 ,- 464.1274 ,- 403.6506 ,- 322.9087 ,- 258.2664 ,- 202.4286 , 77.2373 ,- 5.8619 ,- 66.2433 ,- 100.7080 ,- 140.8702 ,- 207.3798 ,- 233.8916 ,- 243.6790 ,- 251.4347 ,- 256.2478 ,- 254.6467 ,- 244.1426 ,- 230.9393 ,- 221.6516 ,- 708.3029 , 82.2905 ,- 202.5272 ,
04-01-2022 ,13:07:05 ,       14057.196, 250  ,           10  , 32  , 111  ,- 268.5799 ,- 672.3719 ,- 878.3643 ,- 562.2118 ,- 565.9400 ,- 530.2983 ,- 550.8003 ,- 535.7986 ,- 512.6929 ,- 487.9959 ,- 460.9153 ,- 401.2769 ,- 321.4161 ,- 257.3755 ,- 204.3289 , 63.1726 ,- 27.8367 ,- 82.8790 ,- 112.0110 ,- 147.0971 ,- 206.0549 ,- 229.5716 ,- 239.2999 ,- 245.2440 ,- 250.1426 ,- 248.2785 ,- 238.2215 ,- 225.2713 ,- 213.5475 ,- 669.7220 , 87.3436 ,- 198.2171 ,
04-01-2022 ,13:07:05 ,       14057.711, 250  ,           10  , 32  , 111  ,- 249.8730 ,- 655.2004 ,- 855.2520 ,- 545.5367 ,- 540.4639 ,- 509.3690 ,- 524.9954 ,- 510.1844 ,- 487.3614 ,- 463.0227 ,- 436.7279 ,- 378.8386 ,- 302.4265 ,- 240.6511 ,- 188.5480 , 75.7743 ,- 14.2027 ,- 69.7611 ,- 99.8302 ,- 135.3502 ,- 194.8012 ,- 218.8703 ,- 227.3656 ,- 233.5399 ,- 237.1596 ,- 234.6873 ,- 223.4730 ,- 210.4111 ,- 200.2554 ,- 650.5352 , 90.8121 ,- 186.3387 ,
04-01-2022 ,13:07:06 ,       14058.226, 250  ,           10  , 32  , 111  ,- 242.5481 ,- 604.6524 ,- 778.9286 ,- 495.2386 ,- 490.5110 ,- 455.5794 ,- 477.2452 ,- 463.5487 ,- 442.6359 ,- 420.5723 ,- 396.7892 ,- 343.7459 ,- 274.7837 ,- 218.9853 ,- 168.4900 , 73.6241 ,- 3.3140 ,- 54.9304 ,- 84.1447 ,- 118.0801 ,- 174.6576 ,- 197.0730 ,- 206.1798 ,- 211.6768 ,- 216.2303 ,- 214.4483 ,- 204.7793 ,- 192.3322 ,- 181.5913 ,- 600.9373 , 86.6499 ,- 168.9009 ,
04-01-2022 ,13:07:06 ,       14058.692, 250  ,           10  , 32  , 111  ,- 215.3360 ,- 589.4929 ,- 774.6251 ,- 492.1548 ,- 491.4052 ,- 459.5279 ,- 478.1361 ,- 464.6468 ,- 443.7997 ,- 421.7690 ,- 398.0912 ,- 345.0314 ,- 275.7766 ,- 219.5771 ,- 165.0675 , 73.3315 ,- 5.0762 ,- 55.0258 ,- 82.4844 ,- 114.8384 ,- 169.8346 ,- 192.3617 ,- 200.6138 ,- 206.7420 ,- 210.7070 ,- 208.5568 ,- 199.2330 ,- 187.4434 ,- 176.5875 ,- 592.4880 , 84.4702 ,- 165.5475 ,
04-01-2022 ,13:07:07 ,       14059.207, 250  ,           10  , 32  , 111  ,- 249.8730 ,- 613.6146 ,- 793.5161 ,- 505.0655 ,- 502.7016 ,- 469.4962 ,- 488.1208 ,- 474.8090 ,- 453.3076 ,- 430.9580 ,- 407.0238 ,- 352.6424 ,- 282.0429 ,- 224.3245 ,- 175.2395 , 70.8888 ,- 5.6679 ,- 57.7809 ,- 86.8702 ,- 121.6735 ,- 180.1415 ,- 202.8659 ,- 212.8439 ,- 218.4462 ,- 223.2067 ,- 221.7667 ,- 211.9168 ,- 199.4664 ,- 188.5119 ,- 610.5801 , 82.1918 ,- 172.3497 ,
04-01-2022 ,13:07:07 ,       14059.723, 250  ,           10  , 32  , 111  ,- 266.2029 ,- 640.7017 ,- 833.3035 ,- 532.4321 ,- 537.4885 ,- 498.9077 ,- 523.7099 ,- 508.9877 ,- 486.9767 ,- 463.7230 ,- 438.4342 ,- 381.0117 ,- 305.9048 ,- 244.9086 ,- 193.1113 , 64.3430 ,- 15.9682 ,- 69.8565 ,- 100.2181 ,- 135.9617 ,- 196.0275 ,- 220.3431 ,- 229.6538 ,- 236.2489 ,- 240.2599 ,- 238.1097 ,- 228.3585 ,- 216.1809 ,- 202.9875 ,- 639.0052 , 81.5968 ,- 189.1168 ,
04-01-2022 ,13:07:08 ,       14060.188, 250  ,           10  , 32  , 111  ,- 277.5848 ,- 667.1248 ,- 864.3917 ,- 552.6710 ,- 553.1510 ,- 514.4058 ,- 537.8502 ,- 522.7400 ,- 499.3942 ,- 475.5093 ,- 449.2737 ,- 390.5032 ,- 313.6604 ,- 250.9448 ,- 194.7289 , 69.1299 ,- 13.8082 ,- 70.1392 ,- 101.2932 ,- 138.6806 ,- 201.0412 ,- 225.4456 ,- 235.5223 ,- 241.7623 ,- 247.0423 ,- 245.2374 ,- 235.3086 ,- 222.1415 ,- 211.3645 ,- 666.4409 , 84.8680 ,- 194.4823 ,
04-01-2022 ,13:07:08 ,       14060.702, 250  ,           10  , 32  , 111  ,- 263.0369 ,- 676.0935 ,- 879.2026 ,- 560.6699 ,- 556.7214 ,- 515.3920 ,- 542.3970 ,- 526.9285 ,- 502.8890 ,- 478.1066 ,- 451.8808 ,- 392.6764 ,- 314.4561 ,- 251.7338 ,- 194.6335 , 78.1184 ,- 11.5529 ,- 69.7611 ,- 101.9738 ,- 139.7327 ,- 202.7442 ,- 228.0988 ,- 237.3108 ,- 243.7941 ,- 248.1075 ,- 245.2374 ,- 234.9338 ,- 222.0429 ,- 207.6297 ,- 679.7659 , 85.4598 ,- 195.9190 ,
04-01-2022 ,13:07:09 ,       14061.217, 250  ,           10  , 32  , 111  ,- 287.2834 ,- 684.0135 ,- 876.8914 ,- 560.2819 ,- 554.9362 ,- 512.1340 ,- 539.2343 ,- 523.8381 ,- 499.9794 ,- 475.6079 ,- 449.4742 ,- 390.4046 ,- 313.1640 ,- 250.3497 ,- 194.0615 , 74.8932 ,- 8.9030 ,- 67.0981 ,- 99.7348 ,- 138.0658 ,- 201.1366 ,- 225.7415 ,- 235.8215 ,- 242.1470 ,- 247.0423 ,- 245.3327 ,- 235.1212 ,- 222.0429 ,- 212.5481 ,- 684.5363 , 83.6779 ,- 194.5776 ,
04-01-2022 ,13:07:09 ,       14061.732, 250  ,           10  , 32  , 111  ,- 303.5180 ,- 701.0009 ,- 892.9681 ,- 570.6940 ,- 561.8765 ,- 516.4770 ,- 547.0458 ,- 531.2123 ,- 506.8671 ,- 481.9038 ,- 454.3893 ,- 395.0501 ,- 316.4451 ,- 252.9240 ,- 196.3431 , 78.2170 ,- 3.9978 ,- 63.5803 ,- 97.6866 ,- 137.4543 ,- 202.5535 ,- 228.4900 ,- 238.7048 ,- 245.6319 ,- 250.2412 ,- 247.8018 ,- 237.9420 ,- 225.6626 ,- 215.5497 ,- 699.9489 , 87.6428 ,- 199.8445 ,
04-01-2022 ,13:07:10 ,       14062.197, 250  ,           10  , 32  , 111  ,- 277.8807 ,- 690.6941 ,- 893.5994 ,- 571.1740 ,- 570.6973 ,- 529.2134 ,- 554.7554 ,- 539.6847 ,- 515.7964 ,- 490.6918 ,- 464.1274 ,- 403.5520 ,- 324.5985 ,- 260.7388 ,- 201.8566 , 73.0389 ,- 15.8696 ,- 74.5118 ,- 106.8461 ,- 145.1672 ,- 208.7968 ,- 234.2829 ,- 244.3760 ,- 250.5667 ,- 255.3766 ,- 253.8840 ,- 242.9196 ,- 229.1804 ,- 217.2823 ,- 696.1713 , 82.7869 ,- 202.2412 ,
04-01-2022 ,13:07:10 ,       14062.712, 250  ,           10  , 32  , 111  ,- 294.8089 ,- 722.5714 ,- 935.0109 ,- 598.4551 ,- 592.0146 ,- 553.4008 ,- 575.9214 ,- 559.3220 ,- 533.9477 ,- 508.0770 ,- 480.2863 ,- 417.1958 ,- 335.2407 ,- 269.7437 ,- 208.7015 , 78.1184 ,- 12.5326 ,- 73.4663 ,- 107.5299 ,- 147.7086 ,- 214.8494 ,- 242.0418 ,- 252.3322 ,- 259.8544 ,- 264.8714 ,- 262.2478 ,- 252.2204 ,- 238.1722 ,- 225.1135 ,- 724.3105 , 82.8855 ,- 209.5234 ,
04-01-2022 ,13:07:11 ,       14063.228, 250  ,           10  , 32  , 111  ,- 282.3355 ,- 704.8179 ,- 911.9906 ,- 583.6080 ,- 581.3066 ,- 538.2940 ,- 566.0321 ,- 550.4518 ,- 525.9882 ,- 500.4825 ,- 473.1586 ,- 411.7580 ,- 330.7662 ,- 265.4895 ,- 205.4697 , 76.3595 ,- 14.5940 ,- 74.7025 ,- 108.0165 ,- 147.6198 ,- 213.5245 ,- 239.5859 ,- 249.9453 ,- 256.3694 ,- 261.0938 ,- 259.2067 ,- 247.9957 ,- 233.3820 ,- 221.2867 ,- 710.0914 , 88.3365 ,- 205.2100 ,
04-01-2022 ,13:07:11 ,       14063.692, 250  ,           10  , 32  , 111  ,- 258.1875 ,- 687.8305 ,- 898.4323 ,- 573.3932 ,- 571.1937 ,- 533.7537 ,- 556.2414 ,- 541.1805 ,- 517.1542 ,- 492.1909 ,- 465.2287 ,- 404.0451 ,- 324.2993 ,- 259.9497 ,- 197.3886 , 81.1463 ,- 11.9441 ,- 71.7568 ,- 104.4099 ,- 142.9743 ,- 207.2812 ,- 233.0072 ,- 242.2851 ,- 248.5349 ,- 252.5656 ,- 249.2286 ,- 237.9420 ,- 224.4889 ,- 210.8187 ,- 689.2113 , 85.5617 ,- 198.9831 ,
04-01-2022 ,13:07:12 ,       14064.207, 250  ,           10  , 32  , 111  ,- 287.7799 ,- 674.9494 ,- 875.2114 ,- 561.6332 ,- 560.5877 ,- 526.7444 ,- 544.6721 ,- 529.3187 ,- 506.0912 ,- 481.9038 ,- 455.2934 ,- 396.5328 ,- 320.0254 ,- 257.0796 ,- 199.0061 , 56.1403 ,- 23.4214 ,- 77.4609 ,- 108.4044 ,- 144.8154 ,- 206.0549 ,- 230.0615 ,- 239.4018 ,- 245.6319 ,- 250.2412 ,- 248.3738 ,- 237.0938 ,- 223.2166 ,- 212.4560 ,- 672.0103 , 83.3787 ,- 197.1650 ,
04-01-2022 ,13:07:12 ,       14064.723, 250  ,           10  , 32  , 111  ,- 282.2369 ,- 688.4979 ,- 888.9769 ,- 567.9948 ,- 562.2710 ,- 523.2891 ,- 547.3417 ,- 531.8107 ,- 507.6430 ,- 482.8014 ,- 455.6945 ,- 395.9377 ,- 316.5437 ,- 253.7130 ,- 195.7744 , 75.4817 ,- 10.3759 ,- 68.7124 ,- 101.4872 ,- 139.8214 ,- 204.2565 ,- 229.5716 ,- 239.6023 ,- 246.2105 ,- 251.1125 ,- 248.7552 ,- 238.2215 ,- 224.9787 ,- 214.2774 ,- 687.4196 , 87.0477 ,- 197.5464 ,
04-01-2022 ,13:07:13 ,       14065.237, 250  ,           10  , 32  , 111  ,- 269.6648 ,- 660.9242 ,- 857.8788 ,- 547.1773 ,- 545.2211 ,- 510.0594 ,- 530.3345 ,- 515.4677 ,- 492.2140 ,- 468.3159 ,- 442.6490 ,- 385.0654 ,- 308.7881 ,- 247.1837 ,- 189.2122 , 68.4461 ,- 13.2197 ,- 67.4795 ,- 97.5880 ,- 133.5091 ,- 194.1371 ,- 218.6730 ,- 228.2598 ,- 234.9897 ,- 239.3853 ,- 238.1097 ,- 227.6056 ,- 214.3234 ,- 203.6253 ,- 655.2069 , 85.2625 ,- 191.2242 ,
04-01-2022 ,13:07:13 ,       14065.702, 250  ,           10  , 32  , 111  ,- 281.3459 ,- 658.5406 ,- 843.5939 ,- 537.0578 ,- 525.8929 ,- 484.1033 ,- 511.5488 ,- 496.0342 ,- 472.9055 ,- 449.3361 ,- 423.6824 ,- 366.4802 ,- 292.9777 ,- 233.2308 ,- 180.1809 , 83.7831 , 5.8126 ,- 51.5080 ,- 83.8488 ,- 121.4992 ,- 184.1130 ,- 208.8560 ,- 218.9130 ,- 225.5114 ,- 230.8604 ,- 228.5130 ,- 219.2451 ,- 207.0905 ,- 194.4297 ,- 654.5132 , 86.3540 ,- 180.4932 ,
04-01-2022 ,13:07:14 ,       14066.217, 250  ,           10  , 32  , 111  ,- 237.8993 ,- 618.7664 ,- 812.0947 ,- 518.5548 ,- 518.9559 ,- 487.4567 ,- 504.8255 ,- 491.1520 ,- 469.7033 ,- 446.6402 ,- 421.7756 ,- 365.9871 ,- 292.8791 ,- 233.5300 ,- 180.6576 , 70.4976 ,- 10.0800 ,- 63.0115 ,- 92.4264 ,- 127.4598 ,- 185.2472 ,- 208.5601 ,- 217.6209 ,- 223.3809 ,- 227.5661 ,- 226.0407 ,- 215.2998 ,- 202.0078 ,- 191.6056 ,- 619.3253 , 84.9666 ,- 178.0965 ,
04-01-2022 ,13:07:14 ,       14066.732, 250  ,           10  , 32  , 111  ,- 300.4506 ,- 678.3850 ,- 859.2465 ,- 549.2979 ,- 536.0025 ,- 495.9488 ,- 520.7444 ,- 505.2003 ,- 481.6375 ,- 457.7263 ,- 431.6090 ,- 374.5876 ,- 300.2369 ,- 239.9607 ,- 189.0248 , 76.8494 ,- 4.0964 ,- 62.9162 ,- 95.9343 ,- 134.2982 ,- 196.8790 ,- 221.0303 ,- 230.4494 ,- 236.4396 ,- 241.0358 ,- 238.4911 ,- 228.4505 ,- 215.3985 ,- 208.0867 ,- 669.6234 , 82.8855 ,- 188.0615 ,
04-01-2022 ,13:07:15 ,       14067.247, 250  ,           10  , 32  , 111  ,- 301.6374 ,- 687.7352 ,- 876.6843 ,- 560.8606 ,- 550.5734 ,- 512.9230 ,- 535.0819 ,- 519.8502 ,- 495.9027 ,- 471.8107 ,- 445.6572 ,- 387.7350 ,- 311.9706 ,- 249.8533 ,- 195.5837 , 70.4022 ,- 10.1786 ,- 67.4795 ,- 99.7348 ,- 138.3288 ,- 201.3239 ,- 226.3300 ,- 236.1207 ,- 242.5349 ,- 246.7530 ,- 245.1420 ,- 234.2763 ,- 221.5563 ,- 212.8209 ,- 677.1785 , 79.7129 ,- 194.4823 ,
04-01-2022 ,13:07:15 ,       14067.712, 250  ,           10  , 32  , 111  ,- 272.7355 ,- 678.5757 ,- 884.0388 ,- 566.3542 ,- 566.4365 ,- 530.5942 ,- 551.0009 ,- 535.8973 ,- 512.4003 ,- 487.7953 ,- 461.2145 ,- 401.4742 ,- 323.3065 ,- 260.0484 ,- 200.8111 , 69.0346 ,- 17.7337 ,- 74.9885 ,- 106.5535 ,- 143.5891 ,- 205.8642 ,- 230.3574 ,- 239.8982 ,- 245.9212 ,- 250.7245 ,- 247.9925 ,- 237.0018 ,- 223.4138 ,- 209.8160 ,- 676.5834 , 82.9842 ,- 199.4631 ,
04-01-2022 ,13:07:16 ,       14068.228, 250  ,           10  , 32  , 111  ,- 310.2478 ,- 706.7280 ,- 899.2739 ,- 574.5472 ,- 559.2990 ,- 523.4863 ,- 542.7915 ,- 526.2282 ,- 501.7252 ,- 477.1071 ,- 449.8720 ,- 391.5914 ,- 314.5547 ,- 253.7130 ,- 199.1968 , 75.2844 ,- 8.3145 ,- 68.5250 ,- 102.5590 ,- 141.9223 ,- 206.5250 ,- 232.2215 ,- 241.7886 ,- 248.7256 ,- 253.1475 ,- 251.2242 ,- 239.9146 ,- 226.7344 ,- 217.5552 ,- 697.0656 , 85.4598 ,- 201.0905 ,
